"","Species","Biome","Growth.Form","Ever.Decid","TLP","totRWCtlp","Po","LMA","SWC","LMA_imputed","SWC_imputed","ApoFrac","SWA","LWAtlp","water_loss.m2","CFT.g.m2","water_loss.g","n_vals","nDatasets","Dataset","T.S.L.H","Family","Genus","Species_name","Gymno.Angio"
"1","Abies balsamea","TemperateConifer","W","E",1.495,91.6,-1.2,86.938936617188,0.820830298616169,1,1,NA,71.3621133048586,65.3676957872505,5.99441751760813,3.98917734531066,-74.3672250546249,2,1,"mb14",NA,"Pinaceae","Abies","balsamea","Gymnosperm"
"2","Abies grandis","TemperateConifer","W","E",2.375,90.9,-2.105,100.96568107667,1.89435600578871,1,1,NA,191.264944326137,173.859834392458,17.4051099336784,7.34075223004829,-170.302604920405,2,1,"mb14",NA,"Pinaceae","Abies","grandis","Gymnosperm"
"3","Acer rubrum","Temperate","W","CD",1.8,90.0666666666667,-1.63,45.7178323680452,2.23408443969605,1,1,NA,102.137497910082,92.1695286587442,9.96796925133791,5.69204471252408,-198.982454095595,3,2,"mb12",NA,"Sapindaceae","Acer","rubrum","Angiosperm"
"4","Achyrocline satureioides","TropicalDry","W","E",2.05,55.94,-1.15,91.65015472,NA,0,1,NA,NA,NA,NA,NA,NA,1,1,"Contributed","S","Asteraceae","Achyrocline","satureioides","Angiosperm"
"5","Aegiphila integrifolia","TropicalDry","W","DD",1.114997518,84.90929,-1.093626615,58.26553758,4.22906219,0,0,NA,246.408581959602,209.223777440966,37.1848045186359,33.3496747018193,-354.857605728745,1,1,"Contributed","T","Lamiaceae","Aegiphila","integrifolia","Angiosperm"
"6","Aglaia abbreviata","TropicalDry","W","E",2.1286,NA,-1.294042603,47.79443064,2.208462129,0,0,NA,105.552190045557,NA,NA,NA,NA,1,1,"Contributed","T","Meliaceae","Aglaia","abbreviata","Angiosperm"
"7","Aglaia perviridis","TropicalDry","W","E",1.896194667,NA,-1.163909028,53.94713222,1.866254384,0,0,NA,100.679072009803,NA,NA,NA,NA,1,1,"Contributed","T","Meliaceae","Aglaia","perviridis","Angiosperm"
"8","Albizia niopoides","TropicalDry","W","DD",1.98575,88.9675,-1.65625,NA,2.167,1,0,NA,NA,NA,NA,16.46582630158,-190.6255725,1,1,"Contributed","T","Fabaceae","Albizia","niopoides","Angiosperm"
"9","Allophylus racemosus","TropicalDry","W","DD",1.443285714,83.92285714,-1.170857143,NA,2.031428571,1,0,NA,NA,NA,NA,14.17896215456,-168.451861183147,1,1,"Contributed","T","Sapindaceae","Allophylus","racemosus","Angiosperm"
"10","Alnus nepalensis","Temperate","W","CD",1.62,83,-1.35,52.7164703591851,2.56306306306306,1,1,NA,135.115637992686,112.145979533929,22.9696584587566,14.178801517751,-210.171171171171,1,1,"mb12",NA,"Betulaceae","Alnus","nepalensis","Angiosperm"
"11","Amphilophium crucigerum","TropicalDry","W","DD",1.95333333333333,82.8166666666667,-1.42,49.7968827833333,2.51666666666667,0,0,NA,118.971247672433,97.7449370356652,21.2263106367681,10.1959542904812,-203.763766666667,3,1,"Contributed","L","Bignoniaceae","Amphilophium","crucigerum","Angiosperm"
"12","Amyris elemifera","TropicalDry","W","E",2.54925,93.445,-1.7615,131.20000000021,3.334,1,0,NA,437.4208000007,408.747866560654,28.6729334400459,10.77249789756,-308.21163,1,1,"Contributed","T","Rutaceae","Amyris","elemifera","Angiosperm"
"13","Anemia caffrorum","Med/TempDry","F","E",1.644131,87.8621,-1.3734615,73.9595795,2.220074,0,0,0.254877,145.423881484781,127.7317334501,17.6921480346816,10.2927541317424,-198.666891014454,2,1,"Contributed",NA,"Anemiaceae","Anemia","caffrorum","Angiosperm"
"14","Anemopaegma orbiculatum","TropicalDry","W","DD",1.76,91.85,-1.51333333333333,74.3515349066667,1.26333333333333,0,0,NA,93.3160695093333,85.8377592722383,7.47831023709498,4.25942363258395,-115.056533333333,3,1,"Contributed","L","Bignoniaceae","Anemopaegma","orbiculatum","Angiosperm"
"15","Annona reticulata","TropicalDry","W","DD",1.678,92.177,-1.40733333333333,51.3590981818971,2.44133333333333,1,0,NA,125.384678361405,115.580563262968,9.80411509843707,5.87898637333333,-222.602655666667,3,1,"Contributed","T","Annonaceae","Annona","reticulata","Angiosperm"
"16","Anthurium scandens","TropicalMoist","W",NA,0.974131806,90.613389312,-0.8518748828,102.421156280418,3.70092705753276,1,1,NA,379.05322854199,343.472977678459,35.5802508635315,31.5702740889011,-331.652617221998,5,1,"Contributed","L","Araceae","Anthurium","scandens","Angiosperm"
"17","Antidesma montanum","TropicalDry","W","E",1.172632,NA,-0.758652222,57.60002016,2.315388006,0,0,NA,133.366395823822,NA,NA,NA,NA,1,1,"Contributed","T","Phyllanthaceae","Antidesma","montanum","Angiosperm"
"18","Arbutus unedo","Med/TempDry","W","E",1.560715,92.1209685,-1.23220033333333,152.298112333333,1.71574021727626,0,1,0.5916264,249.679141281267,229.916245524823,19.7628957564444,13.1009770269316,-156.027666190625,6,2,"Contributed","T","Ericaceae","Arbutus","unedo","Angiosperm"
"19","Artemisia frigida","Grassland","H","A",1.54,87.654,-1.128,46.810548,1.542,0,0,NA,72.181865016,63.2702919611246,8.91157305487536,5.78673574991907,-133.620468,1,1,"Contributed","H","Asteraceae","Artemisia","frigida","Angiosperm"
"20","Astragalus drummondii","Grassland","H","A",1.51,89.23,-1.076,80.37173783,2.942,0,0,NA,236.45365269586,210.987594300516,25.4660583953441,16.864939334665,-259.57266,1,1,"Contributed","H","Fabaceae","Astragalus","drummondii","Angiosperm"
"21","Astragalus laxmannii","Grassland","H","A",2.256,83.338,-1.74,92.4176654142005,2.31,1,0,NA,213.484807106803,177.913968546668,35.5708385601356,15.767215673819,-190.20078,1,1,"Contributed","H","Fabaceae","Astragalus","laxmannii","Angiosperm"
"22","Astragalus shortianus","Grassland","H","A",1.315714286,93.03142857,-0.967142857,106.7638585,4.945714286,0,0,NA,528.023540211933,491.227842645049,36.7956975668833,27.9663282206569,-455.161151039638,1,1,"Contributed","H","Fabaceae","Astragalus","shortianus","Angiosperm"
"23","Astronium graveolens","TropicalDry","W","DD",1.9866,93.102,-1.4864,64.3473556493664,1.3272,1,0,NA,85.4018104178391,79.5107935352165,5.89101688262254,9.21912137192,-122.2377744,1,1,"Contributed","T","Anacardiaceae","Astronium","graveolens","Angiosperm"
"24","Athyrium filix-femina","Fern","H","A",0.88,94.55,-0.76,24.7,5.2,0,0,NA,128.44,121.44002,6.99998000000001,7.95452272727274,-486.46,1,1,"Contributed","H","Athyriaceae","Athyrium","filix-femina","Angiosperm"
"25","Avena sativa","Crop","H","H",1.451671,90.512986,-1.186409,67.968646,3.121787,0,0,0.416858,212.183635490402,192.053744285719,20.1298912046834,13.8667034091632,-279.440476025982,1,1,"Contributed","H","Poaceae","Avena","sativa","Angiosperm"
"26","Baccaurea ramiflora","TropicalDry","W","E",1.2124067165,67.8103373,-0.8336093555,66.2927011,2.8886164345,0,0,NA,184.2139837806,126.322994494026,59.9657035479258,53.8794729010733,-231.678830396519,2,1,"Contributed","T","Phyllanthaceae","Baccaurea","ramiflora","Angiosperm"
"27","Baccharis uncinella","TropicalDry","W","E",2.13,66.32,-1.42,109.950247,NA,0,1,NA,NA,NA,NA,NA,NA,1,1,"Contributed","S","Asteraceae","Baccharis","uncinella","Angiosperm"
"28","Banisteriopsis muricata","TropicalDry","W","DD",2.60333333333333,87.26,-2.26333333333333,60.49196683,1.60666666666667,0,0,NA,97.7966142966333,84.5581547671313,13.2384595295021,5.13778203321115,-137.456533333333,3,1,"Contributed","L","Malpighiaceae","Banisteriopsis","muricata","Angiosperm"
"29","Barbacenia purpurea","TropicalMoist","H","E",0.861849,94.702832,-0.658569,92.288362,1.882977,0,0,0.758193,173.776863013674,164.57161063471,9.20525237896419,10.680818077139,-176.440277490864,1,1,"Contributed","H","Velloziaceae","Barbacenia","purpurea","Angiosperm"
"30","Barringtonia pendula","TropicalDry","W","E",1.1578919665,70.962,-0.7965940695,67.117917155,2.6333908365,0,0,NA,177.423776593129,107.325944661549,43.9183053054038,42.8757974409461,-163.087156505292,2,1,"Contributed","T","Lecythidaceae","Barringtonia","pendula","Angiosperm"
"31","Bauhinia ungulata","TropicalDry","W","DD",2.64375,75.7675,-2.141,40.6462565625772,3.0435,1,0,NA,123.706881848204,93.7296117043377,29.977270143866,7.36771806924,-227.55488625,1,1,"Contributed","T","Fabaceae","Bauhinia","ungulata","Angiosperm"
"32","Beilschmiedia robusta","TropicalDry","W","E",1.625933333,NA,-1.012487875,68.6986187,2.414841854,0,0,NA,165.896299748747,NA,NA,NA,NA,1,1,"Contributed","T","Lauraceae","Beilschmiedia","robusta","Angiosperm"
"33","Betula papyrifera","Temperate","W","CD",1.54333333333333,82.3,-1.28333333333333,59.1558505187989,1.31155051067075,1,1,NA,77.5858859570932,63.2710196261664,14.3148663309267,9.85533021853299,-106.629056517532,3,2,"mb12",NA,"Betulaceae","Betula","papyrifera","Angiosperm"
"34","Betula pubescens","Temperate","W",NA,1.09,NA,NA,42.7656160947517,2.10727919651091,1,1,NA,90.1190931224425,NA,NA,NA,NA,1,1,"Contributed","T","Betulaceae","Betula","pubescens","Angiosperm"
"35","Bignonia aequinoctialis","TropicalDry","W","DD",1.75,87.195,-1.31,108.58246365,1.16,0,0,NA,125.9033865565,109.960946198265,15.9424403582346,9.37617444934398,-100.15715,2,1,"Contributed","L","Bignoniaceae","Bignonia","aequinoctialis","Angiosperm"
"36","Bignonia diversifolia","TropicalDry","W","DD",3.18,85.0533333333333,-2.70666666666667,43.9467356733333,1.97333333333333,0,0,NA,83.9518518573333,71.419019784228,12.5328320731054,3.93502919680137,-166.072533333333,3,1,"Contributed","L","Bignoniaceae","Bignonia","diversifolia","Angiosperm"
"37","Bourreria pulchra","TropicalDry","W","E",1.797333333,91.61666667,-1.482666667,NA,2.071,1,0,NA,NA,NA,NA,27.4908728970882,-187.66711667357,1,1,"Contributed","T","Ehretiaceae","Bourreria","pulchra","Angiosperm"
"38","Bourreria succulenta","TropicalDry","W","DD",2.77325,86.9925,-2.24875,105.511635522895,2.441,1,0,NA,257.553902311387,224.052578468233,33.5013238431537,20.2935598661,-209.9076925,1,1,"Contributed","T","Ehretiaceae","Bourreria","succulenta","Angiosperm"
"39","Bouteloua gracilis","Grassland","H","A",2.5940625,88.381937125,-1.9713541665,106.69024743,1.3354340465,0,0,NA,139.586292073641,123.994260803374,15.5920312702676,6.01744972271183,-116.49576839044,2,1,"Contributed","H","Poaceae","Bouteloua","gracilis","Angiosperm"
"40","Bursera simaruba","TropicalDry","W","DD",1.3351,93.937,-1.1457,72.1578494662986,1.5057,1,0,NA,108.648073941406,102.295302647021,6.35277129438497,19.851336085648,-140.260308,2,1,"Contributed","T","Burseraceae","Bursera","simaruba","Angiosperm"
"41","Byrsonima crassifolia","TropicalDry","W","DD/Semi-Deciduous",2.009,83.9263333333333,-1.438,117.283102356132,1.218,1,0,NA,142.850818669769,120.019187731745,22.8316309380245,13.5534956533333,-101.114889666667,3,1,"Contributed","T","Malpighiaceae","Byrsonima","crassifolia","Angiosperm"
"42","Caesalpinia gaumeri","TropicalDry","W","DD",2.2244,92.428,-2.0382,NA,1.475,1,0,NA,NA,NA,NA,9.40031905816,-134.8563,1,1,"Contributed","T","Fabaceae","Caesalpinia","gaumeri","Angiosperm"
"43","Callichlamys latifolia","TropicalDry","W","CD",1.447,81.7299,-1.0825,48.1589602784274,1.62141666666667,1,0,NA,78.0857408447802,63.7754157280961,14.310325116684,9.83186630588226,-130.805478265,6,1,"Contributed","L","Bignoniaceae","Callichlamys","latifolia","Angiosperm"
"44","Calycophylum candidissimum","TropicalDry","W","DD",1.465,88.251,-1.239,NA,2.551,1,0,NA,NA,NA,NA,13.92581144,-222.948153,2,1,"Contributed","T",NA,"Calycophylum","candidissimum","Angiosperm"
"45","Capsicum chinense cv. Habanero","Crop","W","A",1.11,90.5,-0.99,31.11,4.53,0,0,NA,140.9283,127.5401115,13.3881885,12.0614310810811,-405.435,1,1,"Contributed","H",NA,"Capsicum","Habanero","Angiosperm"
"46","Carex duriuscula","Grassland","H","A",3.6140398865,80.23518654,-2.6558297745,82.276508505,1.3988780165,0,0,NA,115.637757237733,93.333148742131,22.3046084956021,6.17039116855437,-111.264106921848,2,1,"Contributed","H","Cyperaceae","Carex","duriuscula","Angiosperm"
"47","Carpinus viminea","TropicalDry","W","CD",2.625,81.05,-2.14,58.0795262257713,1.54550082728777,1,1,NA,89.7619558304112,72.7520652005483,17.0098906298629,6.45470064198684,-123.717341224386,2,1,"mb14",NA,"Betulaceae","Carpinus","viminea","Angiosperm"
"48","Casearia corymbosa","TropicalDry","W","DD",2.5532,88.922,-2.3674,84.5325325952678,3.5458,1,0,NA,299.7354540763,266.530760473728,33.2046936025726,11.592047213792,-311.7538276,1,1,"Contributed","T","Salicaceae","Casearia","corymbosa","Angiosperm"
"49","Casearia sylvestris","TropicalDry","W","E",2.88,91.1633333333333,-2.55666666666667,67.6363361542681,1.43882908663967,1,1,NA,97.3171277724992,88.7336584799574,8.58346929254181,3.00706454714675,-129.729626548388,3,2,"mb12",NA,"Salicaceae","Casearia","sylvestris","Angiosperm"
"50","Cavendishia capitulata","TropicalMoist","W",NA,1.4306410545,86.83428887,-1.2787611635,NA,NA,1,1,NA,NA,NA,NA,18.6808703730464,NA,2,1,"Contributed","S","Ericaceae","Cavendishia","capitulata","Angiosperm"
"51","Cavendishia complectens","TropicalMoist","W",NA,1.032159261,74.65050378,-0.812135385,NA,NA,1,1,NA,NA,NA,NA,NA,NA,1,1,"Contributed","S","Ericaceae","Cavendishia","complectens","Angiosperm"
"52","Cavendishia limonensis","TropicalMoist","W",NA,0.937052407,94.79443427,-0.887684367,NA,NA,1,1,NA,NA,NA,NA,NA,NA,1,1,"Contributed","S",NA,"Cavendishia","limonensis","Angiosperm"
"53","Cavendishia melastomoides","TropicalMoist","W",NA,1.482407879,85.43968454,-1.351249597,NA,NA,1,1,NA,NA,NA,NA,NA,NA,1,1,"Contributed","S","Ericaceae","Cavendishia","melastomoides","Angiosperm"
"54","Cavendishia quercina","TropicalMoist","W",NA,1.976380651,74.2067305,-1.56555666,NA,NA,1,1,NA,NA,NA,NA,NA,NA,2,1,"Contributed","S","Ericaceae","Cavendishia","quercina","Angiosperm"
"55","Cecropia pachystachya","TropicalDry","W","E",0.944519901,86.16113,-0.837016741,53.54567629,4.694685021,0,0,NA,251.380084417978,216.591921329484,34.7881630884942,36.8315829572915,-399.804681382434,1,1,"Contributed","T","Urticaceae","Cecropia","pachystachya","Angiosperm"
"56","Cedrela fissilis","TropicalDry","W","DD",1.690159151,79.56196,-1.336090914,56.1558846,2.483628079,0,0,NA,139.470331793644,110.965329593526,28.5050022001176,16.8652769671142,-195.118689797275,1,1,"Contributed","T","Meliaceae","Cedrela","fissilis","Angiosperm"
"57","Cedrela odorata","TropicalDry","W","DD",1.631,91.1393333333333,-1.25233333333333,48.38478609193,2.02966666666667,1,0,NA,98.2049875045873,89.7404870610734,8.46450044351395,6.44947024,-183.442863666667,3,1,"Contributed","T","Meliaceae","Cedrela","odorata","Angiosperm"
"58","Ceiba speciosa","TropicalDry","W","DD",1.101486903,83.23366,-0.894855304,45.53538473,4.707981296,0,0,NA,214.379739615004,178.436103580038,35.9436360349662,32.6319232095002,-387.154533181623,1,1,"Contributed","T","Malvaceae","Ceiba","speciosa","Angiosperm"
"59","Celtis australis","Med/TempDry","W","CD",1.79845,81.2008665,-1.448805,83.6254021047599,1.89792278160605,1,1,0.532635,146.553520822021,123.414129994422,23.1393908275987,12.4491573743767,-148.40409366487,2,2,"Contributed","T","Cannabaceae","Celtis","australis","Angiosperm"
"60","Celtis occidentalis","Temperate","W","CD",1.91,84.65,-1.725,30.4752955184773,3.53575724967645,1,1,NA,107.753247065488,91.2131236409359,16.5401234245524,8.50190769126092,-295.766093935435,2,1,"mb14",NA,"Cannabaceae","Celtis","occidentalis","Angiosperm"
"61","Centella asiatica","TropicalDry","H","H",1.073293,96.453595,-0.804257,35.260597,7.175554,0,0,0.838486,253.014317845738,244.041405426941,8.97291241879711,8.36017044627805,-684.93242541663,1,1,"Contributed","H","Apiaceae","Centella","asiatica","Angiosperm"
"62","Ceratonia siliqua","Med/TempDry","W","E",1.251183,93.580317,-0.940646,161.506178,1.5555205,0,0,0.729597,245.825530172655,229.933303504535,15.89222666812,13.0095945061716,-144.133878183586,2,1,"Contributed","T","Fabaceae","Ceratonia","siliqua","Angiosperm"
"63","Chionolaena capitata","TropicalDry","W","E",1.13,77.09,-0.84,52.83511041,NA,0,1,NA,NA,NA,NA,NA,NA,1,1,"Contributed","S",NA,"Chionolaena","capitata","Angiosperm"
"64","Chisocheton siamensis","TropicalDry","W","E",1.2020842335,65.88166023,-0.7996070765,43.13330061,2.931261395,0,0,NA,125.553276649155,83.2506518123429,43.1132733251018,47.2133877902613,-206.688449610391,2,1,"Contributed","T","Meliaceae","Chisocheton","siamensis","Angiosperm"
"65","Chlorophytum comosum","TropicalDry","H","E",0.575033,95.21955,-0.486422,49.599781,8.652321,0,0,0.666765,429.153226741701,408.637771313927,20.5154554277736,35.6770053679939,-815.21779107555,1,1,"Contributed","H","Asparagaceae","Chlorophytum","comosum","Angiosperm"
"66","Chomelia spinosa","TropicalDry","W","DD",1.2444,74.744,-0.9008,43.3187513326675,1.53519559438374,1,1,NA,66.502756200116,49.7068200942147,16.7959361059013,9.614581989312,-113.211463912235,1,1,"Contributed","T","Rubiaceae","Chomelia","spinosa","Angiosperm"
"67","Chusquea pinifolia","TropicalDry","H","E",3.18,83.24,-2.35,88.90726072,NA,0,1,NA,NA,NA,NA,NA,NA,1,1,"Contributed","H","Poaceae","Chusquea","pinifolia","Angiosperm"
"68","Cinnamomum bejolghota","TropicalDry","W","E",1.703032,NA,-1.055735135,93.40818348,1.552909127,0,0,NA,145.054420662583,NA,NA,NA,NA,1,1,"Contributed","T","Lauraceae","Cinnamomum","bejolghota","Angiosperm"
"69","Citrus x sinensis","Crop","W","E",1.254099,92.11795,-0.886844,126.844952,2.117573,0,0,0.721119,268.603445541496,247.431987662193,21.1714578793035,16.8818074803532,-192.94891073535,1,1,"Contributed","T","Rutaceae","Citrus","sinensis","Angiosperm"
"70","Cleidion brevipetiolatum","TropicalDry","W","E",2.030493333,NA,-1.239146725,64.03893398,1.823291107,0,0,NA,116.761618827494,NA,NA,NA,NA,1,1,"Contributed","T","Euphorbiaceae","Cleidion","brevipetiolatum","Angiosperm"
"71","Clusia stenophylla","TropicalMoist","W",NA,1.020794049,91.429104018,-0.9064931606,263.157894736842,NA,1,1,NA,NA,NA,NA,145.394990185109,NA,5,1,"Contributed","S","Clusiaceae","Clusia","stenophylla","Angiosperm"
"72","Coccoloba diversifolia","TropicalDry","W","E",2.676333333,85.02,-2.045,137.391157523639,5.219333333,1,0,NA,717.09024812258,609.670128953818,107.420119168763,14.5812133254882,-438.52838663866,1,1,"Contributed","T","Polygonaceae","Coccoloba","diversifolia","Angiosperm"
"73","Coccoloba microstachya","TropicalDry","W","DD",1.96,82.572,-1.4058,103.698550725691,3.6234,1,0,NA,375.741328699468,310.257129933725,65.4841987657434,15.550786092944,-295.5679848,1,1,"Contributed","T","Polygonaceae","Coccoloba","microstachya","Angiosperm"
"74","Cochlospermum vitifolium","TropicalDry","W","DD",1.1994,86.704,-0.9176,47.1353905817417,1.0488,1,0,NA,49.4355976421307,42.862640579633,6.57295706249769,17.293404127344,-89.8863552,1,1,"Contributed","T","Cochlospermaceae","Cochlospermum","vitifolium","Angiosperm"
"75","Cochospermum vitifolium","TropicalDry","W","DD",1.171,85.2466666666667,-0.702666666666667,NA,2.02133333333333,1,0,NA,NA,NA,NA,30.9022102933333,-169.783705333333,3,1,"Contributed","T",NA,"Cochospermum","vitifolium","Angiosperm"
"76","Coffea arabica","Crop","W","E",1.5,92.007,-1.18,66.3545646952646,2.948,1,0,NA,195.61325672164,179.977889111879,15.6353676097607,80.205828088,-268.288636,1,1,"Contributed","S","Rubiaceae","Coffea","arabica","Angiosperm"
"77","Columnea glabra","TropicalMoist","W",NA,1.314534828,94.68996899,-1.245944348,NA,NA,1,1,NA,NA,NA,NA,NA,NA,1,1,"Contributed","L","Gesneriaceae","Columnea","glabra","Angiosperm"
"78","Columnea insignis","TropicalMoist","W",NA,1.889164693,79.41800354,-1.312230256,NA,NA,1,1,NA,NA,NA,NA,NA,NA,1,1,"Contributed","L",NA,"Columnea","insignis","Angiosperm"
"79","Columnea lepidocaulis","TropicalMoist","W",NA,1.26035575266667,91.1511234733333,-1.15278863666667,NA,NA,1,1,NA,NA,NA,NA,NA,NA,3,1,"Contributed","L",NA,"Columnea","lepidocaulis","Angiosperm"
"80","Columnea magnifica","TropicalMoist","W",NA,0.901535028,87.39200191,-0.803155855333333,NA,NA,1,1,NA,NA,NA,NA,NA,NA,3,1,"Contributed","L","Gesneriaceae","Columnea","magnifica","Angiosperm"
"81","Combretum farinosum","TropicalDry","W","DD",2.45333333333333,83.85,-1.98666666666667,77.58070304,1.20666666666667,0,0,NA,93.7685350548667,78.5479447560247,15.220590298842,6.20098768392895,-99.9063333333333,3,1,"Contributed","L","Combretaceae","Combretum","farinosum","Angiosperm"
"82","Cordia alliodora","TropicalMoist","W","CD",1.97,91.3,-1.76,60.7635171261786,1.90907272638656,1,1,NA,116.00197330491,105.909801627383,10.0921716775272,5.1229297855468,-172.389267192706,1,1,"mb12",NA,"Cordiaceae","Cordia","alliodora","Angiosperm"
"83","Cordia collococca","TropicalMoist","W","DD",1.743,78.678,-1.3963,76.8301050641142,1.84385720481768,1,1,NA,141.663742769366,110.492060391498,31.1716823778677,15.0634529567657,-141.969639209502,2,2,"Contributed","T","Cordiaceae","Cordia","collococca","Angiosperm"
"84","Cordia cymosa","TropicalMoist","W","E",1.5,93,-1.34,62.9024772306711,2.45316525095746,1,1,NA,154.310171341425,143.508459347525,10.8017119938998,7.20114132926652,-225.691203088086,1,1,"mb12",NA,"Cordiaceae","Cordia","cymosa","Angiosperm"
"85","Cordia dentata","TropicalMoist","W","CD",2.14,89,-1.88,86.0704307707574,2.15215212619028,1,1,NA,185.236660585399,164.860627921005,20.3760326643939,9.52151059083827,-189.389387104745,1,1,"mb12",NA,"Cordiaceae","Cordia","dentata","Angiosperm"
"86","Cordia lasiocalyx","TropicalMoist","W","E",1.63,91,-1.48,59.5533980811271,1.63707245770368,1,1,NA,97.4932277612763,88.7188372627615,8.77439049851486,5.38306165553059,-147.336521193331,1,1,"mb12",NA,"Cordiaceae","Cordia","lasiocalyx","Angiosperm"
"87","Cordia panamensis","TropicalMoist","W","E",2,90,-1.79,66.5841032575375,1.54803097632085,1,1,NA,103.074254373214,92.7668289358926,10.3074254373214,5.1537127186607,-137.774756892556,1,1,"mb12",NA,"Cordiaceae","Cordia","panamensis","Angiosperm"
"88","Cornus florida","Temperate","W","CD",2.18,78.5,-1.695,40.2397726716746,3.01877059917829,1,1,NA,121.474642658869,95.3575944872125,26.1170481716569,12.224672725204,-233.954721436317,2,1,"mb14",NA,"Cornaceae","Cornus","florida","Angiosperm"
"89","Cortaderia modesta","TropicalDry","H","E",2.82,80.87,-2.32,160.8932612,NA,0,1,NA,NA,NA,NA,NA,NA,1,1,"Contributed","H","Poaceae","Cortaderia","modesta","Angiosperm"
"90","Cosmibuena valerii","TropicalMoist","W",NA,1.332322023,83.9685727266667,-1.16432349166667,NA,NA,1,1,NA,NA,NA,NA,NA,NA,3,1,"Contributed","S","Rubiaceae","Cosmibuena","valerii","Angiosperm"
"91","Craterostigma plantagineum","Med/TempDry","H","H",0.793118,88.59346,-0.663169,51.459534,9.411594,0,0,0.308434,484.316241437196,429.072515631166,55.2437258060303,69.6538545412289,-824.39408257524,1,1,"Contributed","H","Linderniaceae","Craterostigma","plantagineum","Angiosperm"
"92","Crescentia cujete","TropicalDry","W","E",1.327375,88.9067125,-1.17275,64.3290439027684,2.366125,1,0,NA,152.210559004438,134.953638161729,17.256920842709,13.1938378871697,-207.42035708375,8,1,"Contributed","T","Bignoniaceae","Crescentia","cujete","Angiosperm"
"93","Crossopetalum rhacoma","TropicalDry","W","E",1.6874,90.384,-1.1722,170.400000001131,7.539,1,0,NA,1284.64560000853,1161.11407911171,123.53152089682,27.189730683632,-673.865976,1,1,"Contributed","T","Celastraceae","Crossopetalum","rhacoma","Angiosperm"
"94","Cupania guatemalensis","TropicalDry","W","E",2.4356,83.316,-2.0982,66.5220899954139,0.8032,1,0,NA,53.4305426843165,44.5161909428651,8.91435174145136,9.306192823216,-66.1162112,1,1,"Contributed","T","Sapindaceae","Cupania","guatemalensis","Angiosperm"
"95","Curatella americana","TropicalDry","W","DD/Semi-Deciduous",2.325,85.216,-1.91333333333333,118.652746466052,1.13633333333333,1,0,NA,134.829070900924,114.797937054424,20.0311338465003,12.7908488,-95.6148506666667,3,1,"Contributed","T","Dilleniaceae","Curatella","americana","Angiosperm"
"96","Cylindrokelupha yunnanensis","TropicalDry","W","E",1.50148,NA,-0.942801247,54.01066007,1.551756477,0,0,NA,83.8113915906678,NA,NA,NA,NA,1,1,"Contributed","T",NA,"Cylindrokelupha","yunnanensis","Angiosperm"
"97","Dalberigia retusa","TropicalDry","W","DD",2.256,82.8603333333333,-1.69666666666667,NA,1.453,1,0,NA,NA,NA,NA,13.90779616,-119.020424333333,3,1,"Contributed","T",NA,"Dalberigia","retusa","Angiosperm"
"98","Davallia canariensis","TropicalDry","F","E",1.672044,94.431591,-1.311468,78.133931,2.360804,0,0,0.712302,184.458896840524,174.187471027556,10.2714258129685,6.14303559772856,-220.573673759164,1,1,"Contributed",NA,"Davalliaceae","Davallia","canariensis","Angiosperm"
"99","Davilla kunthii","TropicalDry","W","E",1.58658333333333,77.23835,-1.16041666666667,NA,1.86276666666667,1,0,NA,NA,NA,NA,NA,-140.9808990475,12,1,"Contributed","L","Dilleniaceae","Davilla","kunthii","Angiosperm"
"100","Dichapetalum gelonioides","TropicalDry","W","E",1.902989333,NA,-1.167734305,56.77059178,1.831038789,0,0,NA,103.949155623665,NA,NA,NA,NA,1,1,"Contributed","T","Dichapetalaceae","Dichapetalum","gelonioides","Angiosperm"
"101","Diospyros nigrocortex","TropicalDry","W","E",1.8567514165,83.775,-1.3616243935,68.4367926,1.841028179,0,0,NA,121.923525492645,88.1286407332166,17.0681849704141,10.501627537995,-171.474872261,2,1,"Contributed","T","Ebenaceae","Diospyros","nigrocortex","Angiosperm"
"102","Dipteryx oleifera","TropicalDry","W","CD",1.32816666666667,88.8466,-1.18483333333333,53.3120884075921,1.96956666666667,1,0,NA,105.00171225798,93.3550927855108,11.646619472469,8.86430592161753,-173.140986256667,6,1,"Contributed","T","Fabaceae","Dipteryx","oleifera","Angiosperm"
"103","Disterigma humboldtii","TropicalMoist","W",NA,1.60909753933333,77.2407041533333,-1.278943779,NA,NA,1,1,NA,NA,NA,NA,NA,NA,3,1,"Contributed","S","Ericaceae","Disterigma","humboldtii","Angiosperm"
"104","Doliocarpus major","TropicalDry","W","E",1.40483333333333,86.1267,-1.12416666666667,64.3652396677886,1.75856666666667,1,0,NA,113.190564971784,97.8420370705086,15.3485279012755,11.0228731976461,-150.252111108333,6,1,"Contributed","L","Dilleniaceae","Doliocarpus","major","Angiosperm"
"105","Drypetes hoaensis","TropicalDry","W","E",1.606450667,NA,-1.001625685,50.260900935,1.550471788,0,1,NA,77.4298596747878,NA,NA,NA,NA,2,1,"Contributed","T","Putranjivaceae","Drypetes","hoaensis","Angiosperm"
"106","Elaeocarpus glabripetalus var. alatus","TropicalDry","W","E",1.680429333,NA,-1.043047244,47.81346432,2.019360259,0,0,NA,96.5526096929225,NA,NA,NA,NA,1,1,"Contributed","T",NA,"Elaeocarpus","alatus","Angiosperm"
"107","Elaphoglossum lingua","TropicalMoist","W",NA,1.464285388,90.19919935,-1.304248179,NA,NA,1,1,NA,NA,NA,NA,23.2808286625525,NA,1,1,"Contributed","L","Dryopteridaceae","Elaphoglossum","lingua","Angiosperm"
"108","Enterolobium cyclocarpum","TropicalDry","W","DD",1.82366666666667,89.4493333333333,-1.52366666666667,69.1209826191576,1.93233333333333,1,0,NA,133.564778747752,118.872522446842,14.6922563009099,9.03766546666667,-170.045144333333,3,1,"Contributed","T","Fabaceae","Enterolobium","cyclocarpum","Angiosperm"
"109","Erigeron pumilus","Grassland","H","A",1.66,86.475,-1.27,96.4729552,3.266666667,0,0,NA,315.144987018824,272.521627524528,42.623359494296,25.6767225869253,-279.218333361825,1,1,"Contributed","H","Asteraceae","Erigeron","pumilus","Angiosperm"
"110","Eriogonum effusum","Grassland","H","A",1.602857143,85.82714286,-1.172857143,98.7459148,2.315714286,0,0,NA,228.667325586499,196.258632205266,32.4086933812332,20.2193274196446,-196.435426561465,1,1,"Contributed","H","Polygonaceae","Eriogonum","effusum","Angiosperm"
"111","Erithalis fruticosa","TropicalDry","W","E",2.5205,82.655,-1.721,144.799999999293,2.58425,1,0,NA,374.199399998174,309.294514068491,64.9048859296832,31.80740004712,-211.01693375,1,1,"Contributed","T","Rubiaceae","Erithalis","fruticosa","Angiosperm"
"112","Eryngium glaziovianum","TropicalDry","H","E",1.91,94.26,-1.21,144.6276026,NA,0,1,NA,NA,NA,NA,NA,NA,1,1,"Contributed","H",NA,"Eryngium","glaziovianum","Angiosperm"
"113","Erythrophleum chlorostachys","Med/TempDry","W","CD",2.25,92.5,-2.09,109.476231762503,0.946981151139878,1,1,NA,103.671927976911,95.8965333786424,7.77539459826831,3.50255488529588,-86.6487753292988,2,1,"mb14",NA,"Fabaceae","Erythrophleum","chlorostachys","Angiosperm"
"114","Eucalyptus camaldulensis","Crop","W","E",1.97,87.4,-1.58,94.17,1.84,0,0,NA,173.2728,151.4404272,21.8323728,11.0824227411167,-158.976,1,1,"Contributed","T","Myrtaceae","Eucalyptus","camaldulensis","Angiosperm"
"115","Eucalyptus dunnii","Crop","W","E",2.23,85.61,-1.7,81.27,1.44,0,0,NA,117.0288,100.18835568,16.84044432,7.55176875336323,-121.8384,1,1,"Contributed","T","Myrtaceae","Eucalyptus","dunnii","Angiosperm"
"116","Eucalyptus grandis","Crop","W","E",2.07,87.13,-1.6,82.7,1.42,0,0,NA,117.434,102.3202442,15.1137558,7.30133130434783,-122.3046,1,1,"Contributed","T","Myrtaceae","Eucalyptus","grandis","Angiosperm"
"117","Eucalyptus miniata","Med/TempDry","W","E",2.03,88,-1.82,160.250365793195,1.09331934753488,1,1,NA,175.204825371241,154.180246326692,21.024579044549,10.341951497608,-95.1187832355346,2,1,"mb14",NA,"Myrtaceae","Eucalyptus","miniata","Angiosperm"
"118","Eucalyptus pellita","Crop","W","E",2.19,86.01,-1.61,105.34,1.67,0,0,NA,175.9178,151.30689978,24.61090022,11.2378539817352,-141.9667,1,1,"Contributed","T","Myrtaceae","Eucalyptus","pellita","Angiosperm"
"119","Eucalyptus pilularis","Crop","W","E",1.51,91.43,-1.05,90.82,1.39,0,0,NA,126.2398,115.42104914,10.81875086,7.16473566887417,-125.6977,1,1,"Contributed","T","Myrtaceae","Eucalyptus","pilularis","Angiosperm"
"120","Eucalyptus rubida","Med/TempDry","W","E",1.887,86.6866666666667,-1.619,119.490233511465,0.743479078387265,1,1,NA,107.768626855912,94.7990560979482,12.9695707579635,5.93472755460087,-64.5142053106516,3,2,"mb12",NA,"Myrtaceae","Eucalyptus","rubida","Angiosperm"
"121","Eucalyptus tereticornes","Crop","W","E",2.01,87.21,-1.59,105.77,1.6,0,0,NA,169.232,147.5872272,21.6447728,10.768543681592,-137.936,1,1,"Contributed","T",NA,"Eucalyptus","tereticornes","Angiosperm"
"122","Eucalyptus tetrodonta","Med/TempDry","W","E",2.095,84.5,-1.88,196.832436348354,1.11263858512869,1,1,NA,219.003363486065,185.057842145725,33.9455213403401,16.2862476652316,-92.9053218582456,2,1,"mb14",NA,"Myrtaceae","Eucalyptus","tetrodonta","Angiosperm"
"123","Eucalyptus urophylla","Crop","W","E",2.31,84.355,-1.8065,71.20066,2.01,0,1,NA,140.097,123.9998547,16.0971453,15.1203387863043,-175.8951,2,1,"Contributed","T","Myrtaceae","Eucalyptus","urophylla","Angiosperm"
"124","Eucalyptus urophylla x Eucalyptus camaldulensis","Crop","W","E",2.77,86.5,-2.426,87.89377,NA,0,1,NA,NA,NA,NA,29.97742592,NA,1,1,"Contributed","T",NA,"Eucalyptus","camaldulensis","Angiosperm"
"125","Eucalyptus urophylla x Eucalyptus grandis","Crop","W","E",2.525,86.155,-2.043,75.932015,1.838295,0,1,NA,139.07872668915,124.072132079391,15.0065946097593,14.2081795505612,-162.15600195,2,1,"Contributed","T","Myrtaceae","Eucalyptus","grandis","Angiosperm"
"126","Eugenia foetida","TropicalDry","W","E",2.005,92.46,-1.43025,NA,2.3815,1,0,NA,NA,NA,NA,17.89994167362,-217.81199,1,1,"Contributed","T","Myrtaceae","Eugenia","foetida","Angiosperm"
"127","Eugenia procera","TropicalDry","W","E",2.97,NA,-2.505333333,NA,NA,1,1,NA,NA,NA,NA,8.38894123896,NA,1,1,"Contributed","T","Myrtaceae","Eugenia","procera","Angiosperm"
"128","Eugenia salamensis","TropicalDry","W","DD",1.2922,83.816,-1.0084,76.1494892160468,5.1526,1,0,NA,392.367858134603,328.867043974099,63.5008141605041,14.414594810848,-426.7177216,1,1,"Contributed","T","Myrtaceae","Eugenia","salamensis","Angiosperm"
"129","Eugenia uniflora","TropicalDry","W","E",2.115378174,85.62929,-1.615689635,111.9573069,1.764771867,0,0,NA,197.579105522205,169.185585247015,28.3935202751901,13.4224322743674,-149.351390116184,1,1,"Contributed","S","Myrtaceae","Eugenia","uniflora","Angiosperm"
"130","Eugenia xerophytica","TropicalDry","W","DD",2.5846,76.93,-1.9688,NA,1.7006,1,0,NA,NA,NA,NA,17.414762259536,-129.126558,1,1,"Contributed","T",NA,"Eugenia","xerophytica","Angiosperm"
"131","Eurya austroyunnanensis","TropicalDry","W","E",1.462373,85.8651,-1.099892528,57.36903015,2.024078336,0,0,NA,116.145352160182,96.176319465913,15.8323073986839,10.4762993539678,-170.378264443696,2,1,"Contributed","T","Pentaphylacaceae","Eurya","austroyunnanensis","Angiosperm"
"132","Exostema caribbeaum","TropicalDry","W","DD",2.79375,72.515,-1.6975,NA,2.65175,1,0,NA,NA,NA,NA,18.92098469054,-189.63990125,1,1,"Contributed","T",NA,"Exostema","caribbeaum","Angiosperm"
"133","Festuca arundinacea","Crop","H","H",2.51,75.8333333333333,-1.70666666666667,80.0627078563711,3.15525987848078,1,1,NA,252.618649861736,191.569142811816,61.0495070499194,24.5150764683307,-236.118614239645,6,1,"mb14",NA,"Poaceae","Festuca","arundinacea","Angiosperm"
"134","Ficus fistulosa","TropicalDry","W","E",1.295768,NA,-0.827542471,55.70685751,2.985514338,0,0,NA,166.313621821028,NA,NA,NA,NA,1,1,"Contributed","T","Moraceae","Ficus","fistulosa","Angiosperm"
"135","Ficus langkokensis","TropicalDry","W","E",1.597992,NA,-0.996831026,38.9964219,1.923920624,0,0,NA,75.0260203556153,NA,NA,NA,NA,1,1,"Contributed","T","Moraceae","Ficus","langkokensis","Angiosperm"
"136","Ficus nitida","TropicalMoist","W","E",1.115068,97.939719,-0.977545,138.6880455,1.681114,0,0,0.8263595,231.883898997337,227.147227364577,4.73667163275999,4.31945975295809,-163.008675491886,2,1,"Contributed","T",NA,"Ficus","nitida","Angiosperm"
"137","Ficus rubiginosa","TropicalDry","W","E",1.216967,97.196428,-1.016566,157.868368,2.310748,0,0,0.819014,364.794015619264,354.566752739687,10.2272628795773,8.4038949943403,-222.285703608144,1,1,"Contributed","T","Moraceae","Ficus","rubiginosa","Angiosperm"
"138","Flaveria robusta","TropicalDry","H","H",0.703607,95.103263,-0.507782,55.400525,7.003443,0,0,0.80639,387.994419007575,368.995352734096,18.999066273479,27.0023838214785,-659.046838534509,1,1,"Contributed","H","Asteraceae","Flaveria","robusta","Angiosperm"
"139","Forsteronia spicata","TropicalDry","W","DD",1.93333333333333,96.9066666666667,-1.68666666666667,65.6142093166667,2.00333333333333,0,0,NA,126.049138329,122.367040183516,3.68209814548374,1.8642496577067,-191.674566666667,3,1,"Contributed","L","Apocynaceae","Forsteronia","spicata","Angiosperm"
"140","Fraxinus pennsylvanica","Temperate","W","CD",2.36,82.2,-1.8,52.7,2.72838787108727,0,1,NA,143.786040806299,118.192125542778,25.5939152635212,10.8448793489497,-221.545095132286,1,1,"mb12",NA,"Oleaceae","Fraxinus","pennsylvanica","Angiosperm"
"141","Gallesia integrifolia","TropicalDry","W","E",1.878696185,88.18214,-1.436551978,47.77556267,4.271002151,0,0,NA,204.049530928805,179.935243032982,24.1142878958229,12.8356506434397,-372.355107468783,1,1,"Contributed","T","Phytolaccaceae","Gallesia","integrifolia","Angiosperm"
"142","Gamochaeta purpurea","TropicalDry","H","E",1.83,78.04,-0.94,80.56612773,NA,0,1,NA,NA,NA,NA,NA,NA,1,1,"Contributed","H","Asteraceae","Gamochaeta","purpurea","Angiosperm"
"143","Garcinia cowa","TropicalDry","W","E",1.838786667,NA,-1.18899779,84.32854163,2.328874048,0,0,NA,196.390552107795,NA,NA,NA,NA,1,1,"Contributed","T","Clusiaceae","Garcinia","cowa","Angiosperm"
"144","Garcinia lancilimba","TropicalDry","W","E",1.651066667,NA,-1.026629181,66.475877255,0.603359513,0,1,NA,42.1746975514549,NA,NA,NA,NA,2,1,"Contributed","T","Clusiaceae","Garcinia","lancilimba","Angiosperm"
"145","Gaultheria shallon","TemperateConifer","W","E",1.9433445,93.91,-1.7765,86.2715,1.835,0,0,0.25,153.705558,144.34209342804,9.36346457196,4.80069512979286,-170.756066,2,1,"Contributed","S","Ericaceae","Gaultheria","shallon","Angiosperm"
"146","Genipa americana","TropicalDry","W","DD",2.02233333333333,87.263,-1.33066666666667,53.3375197103398,1.799,1,0,NA,95.9541979589013,83.6711873071725,12.2830106517288,11.8120185866667,-155.072162666667,3,1,"Contributed","T","Rubiaceae","Genipa","americana","Angiosperm"
"147","Ginkgo biloba","Temperate","W","CD",1.229594,96.3720245,-1.065044,64.3717025,3.529817,0,0,0.712726,209.240319740947,201.88993636251,7.35038337843756,6.14036177489759,-336.029407969253,2,1,"Contributed","T","Ginkgoaceae","Ginkgo","biloba","Angiosperm"
"148","Gliricidia sepium","TropicalDry","W","DD",2.03166666666667,79.7656666666667,-1.667,64.0342865183734,2.96966666666667,1,0,NA,190.160486197396,146.655578062718,43.5049081346783,18.1173665866667,-226.056978333333,3,1,"Contributed","T","Fabaceae","Gliricidia","sepium","Angiosperm"
"149","Glycine max","Crop","H","A",1.1123,86.3479,-0.9316,48.0208666666667,3.51926666666667,0,0,NA,158.646818093333,137.230567886885,21.4162502064479,19.7089152979642,-300.360551286667,3,1,"Contributed","H","Fabaceae","Glycine","max","Angiosperm"
"150","Gonocalyx costaricensis","TropicalMoist","W",NA,1.51426937166667,86.92666123,-1.31853011666667,NA,NA,1,1,NA,NA,NA,NA,20.9521411962943,NA,3,1,"Contributed","S","Ericaceae","Gonocalyx","costaricensis","Angiosperm"
"151","Gossypium hyrsutum","Crop","W","E",1.44,88.24,-1.29,73.23,3.59,0,0,NA,262.8957,231.97916568,30.91653432,21.4698155,-313.1916,1,1,"Contributed","S",NA,"Gossypium","hyrsutum","Angiosperm"
"152","Gouania polygama","TropicalDry","W","DD",2.03,73.7066666666667,-1.54333333333333,50.90565734,2.31,0,0,NA,112.7637614579,81.40672524994,31.35703620796,15.9472736176636,-158.701266666667,3,1,"Contributed","L","Rhamnaceae","Gouania","polygama","Angiosperm"
"153","Guazuma ulmifolia","TropicalDry","W","DD",2.23133333333333,77.8243333333333,-1.47033333333333,56.0235757679259,1.47866666666667,1,0,NA,82.8401940355064,64.144920821736,18.6952732137704,18.8319726933333,-113.017632333333,3,1,"Contributed","T","Malvaceae","Guazuma","ulmifolia","Angiosperm"
"154","Guazuma ulmifolia","TropicalDry","W","E",1.693567141,89.96291,-1.663995116,69.2320587,2.416758539,0,0,NA,167.317169035774,150.523394194201,16.7937748415728,9.91621438265305,-215.001872396788,1,1,"Contributed","T","Malvaceae","Guazuma","ulmifolia","Angiosperm"
"155","Gymnanthes lucida","TropicalDry","W","E",4.1664,83.666,-3.6448,128.572872133728,1.8558,1,0,NA,238.605536105773,199.631707838256,38.9738282675169,14.105031048496,-153.4115628,1,1,"Contributed","T","Euphorbiaceae","Gymnanthes","lucida","Angiosperm"
"156","Gymnopodium floribundum","TropicalDry","W","DD",2.057,85.22,-1.9256,86.9640838333768,6.944,1,0,NA,603.878598138969,514.625341334029,89.2532568049395,2.660557802352,-584.82368,1,1,"Contributed","T","Polygonaceae","Gymnopodium","floribundum","Angiosperm"
"157","Harpullia cupanioides","TropicalDry","W","E",1.7033681,69.524,-1.1946536,44.37194033,2.166476779,0,0,NA,96.1307783641186,66.8339623498698,29.2968160142488,17.1993452350369,-148.455654804196,1,1,"Contributed","T","Sapindaceae","Harpullia","cupanioides","Angiosperm"
"158","Hedera helix","Temperate","W","E",1.074864,95.137194,-0.660686,111.887808,2.12515,0,0,0.873189,237.7783751712,226.215674076672,11.5627010945276,10.7573619495375,-200.0556578291,1,1,"Contributed","L","Araliaceae","Hedera","helix","Angiosperm"
"159","Helianthus annus","Crop","H","H",0.792515,92.043695,-0.666384,43.207389,5.68290266666667,0,0,0.431127333333333,242.723892224886,223.469143595079,19.254748629807,24.4710385670913,-517.446048675469,3,1,"Contributed","H","Asteraceae","Helianthus","annus","Angiosperm"
"160","Helianthus annuus","Crop","H","A",0.71,86.82,-0.6,46,6.1,0,0,NA,280.6,243.61692,36.98308,52.0888450704225,-523.502,1,1,"Contributed","H","Asteraceae","Helianthus","annuus","Angiosperm"
"161","Helianthus annuus L.","Crop","H","A",0.84235,86.96475,-0.7536,40.9946,8.50225,0,0,NA,346.9174157,301.082388441331,45.8350272586685,56.2765590000839,-728.335691375,2,1,"Contributed","H",NA,"Helianthus","L.","Angiosperm"
"162","Heliocarpus popayanensis","TropicalDry","W","DD",1.097958348,85.72232,-0.890600664,50.49972829,3.492160645,0,0,NA,176.353163717531,151.174023332066,25.1791403854652,22.9326917831907,-295.863951657096,1,1,"Contributed","T","Malvaceae","Heliocarpus","popayanensis","Angiosperm"
"163","Hesperostipa comata","Grassland","H","A",2.654,87.374,-2.068,167.7638365,1.402,0,0,NA,235.204898773,205.507928253921,29.696970519079,11.1895141368044,-121.096348,1,1,"Contributed","H","Poaceae","Hesperostipa","comata","Angiosperm"
"164","Heteropogon contortus","Crop","H","H",1.635,76.6,-1.115,47.3077634619531,1.24137931034483,1,1,NA,58.7268787803557,44.9847891457525,13.7420896346032,8.66893907187121,-93.8482758620692,2,1,"mb14",NA,"Poaceae","Heteropogon","contortus","Angiosperm"
"165","Heteropterys laurifolia","TropicalDry","W","DD",2.17333333333333,82.485,-1.89333333333333,67.5623308866667,2.08666666666667,0,0,NA,138.443139902367,124.388787715127,26.3982156189227,11.5824238382482,-159.4558,3,1,"Contributed","L","Malpighiaceae","Heteropterys","laurifolia","Angiosperm"
"166","Heterotheca villosa","Grassland","H","A",1.658571429,80.99571429,-1.254285714,86.25120635,3.531428571,0,0,NA,304.589974387607,246.70482541097,57.8851489766366,34.9006066091089,-282.499151001259,1,1,"Contributed","H","Asteraceae","Heterotheca","villosa","Angiosperm"
"167","Hibiscus rosa-sinensis","TropicalMoist","W","CD",1.316579,98.101841,-1.181174,95.212118,3.414644,0,0,0.805223,325.115487455992,318.944278570452,6.17120888553978,4.6873061818089,-331.568218759604,1,1,"Contributed","S","Malvaceae","Hibiscus","rosa-sinensis","Angiosperm"
"168","Hieronyma alchorneoides","TropicalDry","W","CD",1.1825,89.9221833333333,-1.05983333333333,67.014512430181,2.7711,1,0,NA,185.703915395274,166.7049517836,18.9989636116743,15.9680397555741,-245.988378713333,6,1,"Contributed","T","Phyllanthaceae","Hieronyma","alchorneoides","Angiosperm"
"169","Hillia loranthoides","TropicalMoist","W",NA,1.224695067,77.804770685,-1.0011546075,NA,NA,1,1,NA,NA,NA,NA,117.768923006437,NA,2,1,"Contributed","S","Rubiaceae","Hillia","loranthoides","Angiosperm"
"170","Hillia palmana","TropicalMoist","W",NA,1.16011858133333,89.5900927433333,-1.01829109166667,NA,NA,1,1,NA,NA,NA,NA,25.7813118926326,NA,3,1,"Contributed","S","Rubiaceae","Hillia","palmana","Angiosperm"
"171","Hippophae rhamnoides","Other","W","CD",1.4648,89.695,-1.2389,85.2749371187769,2.14859739353766,1,1,NA,183.221507627492,164.340531266479,18.8809763610131,12.8591801248127,-190.569845819823,2,1,"mb14",NA,"Elaeagnaceae","Hippophae","rhamnoides","Angiosperm"
"172","Hiraea reclinata","TropicalDry","W","DD",3.09,86.08,-2.63333333333333,65.3556472866667,1.39,0,0,NA,90.5095236011667,77.9316456594779,12.5778779416887,4.06844979466399,-118.322,3,1,"Contributed","L","Malpighiaceae","Hiraea","reclinata","Angiosperm"
"173","Hura crepitans","TropicalDry","W","CD",1.61683333333333,95.47875,-1.44816666666667,62.3228023103751,2.92828333333333,1,0,NA,182.4988232921,174.27147039961,8.22735289248953,4.8222529208805,-276.69885784,6,1,"Contributed","T","Euphorbiaceae","Hura","crepitans","Angiosperm"
"174","Hymenea courbaril","TropicalDry","W","E",2.164,86.8313333333333,-1.59733333333333,NA,1.15733333333333,1,0,NA,NA,NA,NA,8.05283016,-99.3800926666667,3,1,"Contributed","T",NA,"Hymenea","courbaril","Angiosperm"
"175","Hypochaeris lutea","TropicalDry","H","E",1.73,84.61,-1.38,30.80801772,NA,0,1,NA,NA,NA,NA,NA,NA,1,1,"Contributed","H","Asteraceae","Hypochaeris","lutea","Angiosperm"
"176","Ilex verticillata","Temperate","W",NA,1.47,NA,NA,58.6855313514326,NA,1,1,NA,NA,NA,NA,NA,NA,1,1,"Contributed","T","Aquifoliaceae","Ilex","verticillata","Angiosperm"
"177","Isohilus chiriquensis","TropicalMoist","W",NA,0.776294453,92.75151972,-0.648376554,NA,NA,1,1,NA,NA,NA,NA,20.7703603554407,NA,1,1,"Contributed","L",NA,"Isohilus","chiriquensis","Angiosperm"
"178","Juniperus californica","Med/TempDry","W","E",3.934,81.7,-2.6345,NA,0.8235,1,0,0.421,NA,NA,NA,33.63452776,-66.48365,2,1,"Contributed","T","Cupressaceae","Juniperus","californica","Gymnosperm"
"179","Knema furfuracea","TropicalDry","W","E",1.889122667,NA,-1.160053916,102.1276064,1.170450201,0,0,NA,119.535277438529,NA,NA,NA,NA,1,1,"Contributed","T","Myristicaceae","Knema","furfuracea","Angiosperm"
"180","Knema globularia","TropicalDry","W","E",1.517322039,84.238,-1.0632397155,62.8388171,2.0347424765,0,0,0.27590339,127.68493219857,106.210049557157,19.8732496156118,14.2855209517588,-161.93660110335,2,1,"Contributed","T","Myristicaceae","Knema","globularia","Angiosperm"
"181","Koeleria macrantha","Grassland","H","A",2.144,88.854,-1.672,119.2081792,2.09,0,0,NA,249.145094528,221.375382291909,27.7697122360909,12.9522911548931,-183.61486,1,1,"Contributed","H","Poaceae","Koeleria","macrantha","Angiosperm"
"182","Krugiodendron ferreum","TropicalDry","W","E",1.973,92.56,-1.3528,90.6731976639804,5.644,1,0,NA,511.759527615505,473.684618760912,38.0749088545936,12.742978597984,-516.76464,1,1,"Contributed","T","Rhamnaceae","Krugiodendron","ferreum","Angiosperm"
"183","Larix decidua","TemperateConifer","W","CD",2.46333333333333,93.4333333333333,-1.73333333333333,93.4319450914903,1.64367776929032,1,1,NA,153.572011088436,143.488360660064,10.0836504283726,4.13091267213707,-151.930615141402,3,2,"mb12",NA,"Pinaceae","Larix","decidua","Gymnosperm"
"184","Lasianthus verticillatus","TropicalDry","W","E",1.827866667,NA,-1.125532412,68.8573566,1.994726549,0,0,NA,137.35159730398,NA,NA,NA,NA,1,1,"Contributed","T","Rubiaceae","Lasianthus","verticillatus","Angiosperm"
"185","Laurus nobilis","Med/TempDry","W","E",2.424667,93.18659,-2.018663,127.08467,1.139677,0,0,0.563687,144.83547545159,134.967240683624,9.86823476796619,4.06993404371247,-105.06293633143,1,1,"Contributed","T","Lauraceae","Laurus","nobilis","Angiosperm"
"186","Leea compactiflora","TropicalDry","W","E",1.4875321835,61.717,-0.9591523915,60.421898375,1.84914923,0,0,NA,111.648747252252,63.9794825561255,39.6864159096546,27.0068635950291,-113.279240714874,2,1,"Contributed","T","Leeaceae","Leea","compactiflora","Angiosperm"
"187","Leptostelma maximum","TropicalDry","H","E",1.65,77.15,-1.26,66.91689969,NA,0,1,NA,NA,NA,NA,NA,NA,1,1,"Contributed","H",NA,"Leptostelma","maximum","Angiosperm"
"188","Leucocrinum montanum","Grassland","H","A",1.19625,89.05875,-0.80125,90.33237305,4.31875,0,0,NA,390.122936109687,347.438610362586,42.6843257471011,35.681777009071,-380.3037265625,1,1,"Contributed","H","Asparagaceae","Leucocrinum","montanum","Angiosperm"
"189","Liatris punctata","Grassland","H","A",1.5,83.136,-1.15,161.9407695,2.966,0,0,NA,480.316322337,399.315777738088,81.0005445989117,54.0003630659411,-243.615376,1,1,"Contributed","H","Asteraceae","Liatris","punctata","Angiosperm"
"190","Limonium perezii","Med/TempDry","W","E",1.589941,92.19912,-1.205241,159.898534,3.57509,0,0,0.635026,571.65164991806,527.057790689932,44.5938592281279,28.0474931007679,-326.0450619208,1,1,"Contributed","S","Plumbaginaceae","Limonium","perezii","Angiosperm"
"191","Linaria dalmatica","Grassland","H","A",1.396666667,88.178,-1.071666667,81.13886223,3.634,0,0,NA,294.85862534382,260.000438655674,34.8581866881464,24.9581288877043,-316.804852,1,1,"Contributed","H","Plantaginaceae","Linaria","dalmatica","Angiosperm"
"192","Liquidambar styraciflua","Temperate","W","CD",2.335,79.5,-1.755,53.4185085807905,2.03030303030303,1,1,NA,108.455759845847,86.2223290774486,22.2334307683987,9.5597374448323,-159.378787878788,2,1,"mb14",NA,"Altingiaceae","Liquidambar","styraciflua","Angiosperm"
"193","Liriodendron tulipifera","Temperate","W","CD",2.165,75,-1.595,43.3083059759727,2.84325582076622,1,1,NA,123.136593053709,92.3524447902817,30.7841482634272,14.2856865808785,-210.4009307367,2,1,"mb14",NA,"Magnoliaceae","Liriodendron","tulipifera","Angiosperm"
"194","Lonchocarpus guatemalensis","TropicalDry","W","DD",1.8312,72.19,-1.3766,59.9303047078284,2.5886,1,0,NA,155.135586766685,111.99238008687,43.143206679815,15.854217453984,-184.282434,1,1,"Contributed","T","Fabaceae","Lonchocarpus","guatemalensis","Angiosperm"
"195","Lonchocarpus xuul","TropicalDry","W","DD",2.5404,95.35,-2.1938,NA,2.7602,1,0,NA,NA,NA,NA,12.753452681776,-260.42487,1,1,"Contributed","T",NA,"Lonchocarpus","xuul","Angiosperm"
"196","Luehea candida","TropicalDry","W","DD",1.2907333335,77.777666665,-1.0280666665,47.3553856394007,4.6849333335,1,0,NA,221.856824702776,177.3550758492,44.5017488535761,5.9375210206,-369.834402650191,2,1,"Contributed","T","Malvaceae","Luehea","candida","Angiosperm"
"197","Luehea speciosa","TropicalDry","W","DD",1.6915,81.7875,-1.54875,NA,1.90875,1,0,NA,NA,NA,NA,3.2937786806,-154.203140625,1,1,"Contributed","T","Malvaceae","Luehea","speciosa","Angiosperm"
"198","Lupinus angustifolius","Crop","H","H",0.915,84.75,-0.72,49.7933911763722,5.2901201581387,1,1,NA,263.413022404212,223.24253648757,40.1704859166424,44.6091535501728,-443.047563244116,2,1,"mb14",NA,"Fabaceae","Lupinus","angustifolius","Angiosperm"
"199","Lysiloma latisiliquum","TropicalDry","W","DD",2.1508,91.754,-1.8792,122.309197651663,0.8128,1,0,NA,99.412915851272,91.2153268101761,8.19758904109588,13.8680724676,-73.7648512,1,1,"Contributed","T","Fabaceae","Lysiloma","latisiliquum","Angiosperm"
"200","Mabea fistulifera","TropicalDry","W","DD",1.964138359,87.55148,-1.741778045,81.33062928,1.684608924,0,0,NA,137.010303879624,119.954548799108,17.0557550805157,8.68358127744082,-145.805395593407,1,1,"Contributed","T","Euphorbiaceae","Mabea","fistulifera","Angiosperm"
"201","Macfadyena unguis-cati","TropicalDry","W","DD",2.17,90.1433333333333,-1.79333333333333,52.12733073,1.91666666666667,0,0,NA,96.2071014397333,86.7544996514539,9.45260178827947,4.3083293770294,-170.257566666667,3,1,"Contributed","L","Bignoniaceae","Macfadyena","unguis-cati","Angiosperm"
"202","Machaerina ensifolia","TropicalDry","H","E",2.28,89.28,-1.69,273.8895723,NA,0,1,NA,NA,NA,NA,NA,NA,1,1,"Contributed","H",NA,"Machaerina","ensifolia","Angiosperm"
"203","Machaerium capote","TropicalDry","W","E",1.70325,94.935,-1.27475,NA,3.794,1,0,NA,NA,NA,NA,9.47199735346,-356.38939,1,1,"Contributed","T",NA,"Machaerium","capote","Angiosperm"
"204","Machaerium milleflorum","TropicalDry","W","CD",1.518,83.79405,-1.20483333333333,62.3905381293998,1.65421666666667,1,0,NA,103.207468015955,86.4527621803559,16.7547058355994,11.1270295666199,-136.912887853333,6,1,"Contributed","L","Fabaceae","Machaerium","milleflorum","Angiosperm"
"205","Macleania insignis","TropicalMoist","W",NA,1.73686993333333,80.2685847533333,-1.469153358,NA,NA,1,1,NA,NA,NA,NA,NA,NA,3,1,"Contributed","S","Ericaceae","Macleania","insignis","Angiosperm"
"206","Maclura tinctoria","TropicalDry","W","DD",1.98275,77.7125,-1.62225,45.876107998954,6.73,1,0,NA,308.746206832961,239.934395985065,68.8118108478961,14.12031341052,-516.275125,1,1,"Contributed","T","Moraceae","Maclura","tinctoria","Angiosperm"
"207","Macropanax dispermus","TropicalDry","W","E",1.6133083335,82.731,-1.1635431995,57.746001885,2.670227879,0,0,NA,154.287890965096,119.05123324373,24.8503674183314,16.7042203031125,-215.922828581005,2,1,"Contributed","T","Araliaceae","Macropanax","dispermus","Angiosperm"
"208","Maianthemum monteverdense","TropicalMoist","W",NA,1.034292014,91.01535097,-0.947160493,NA,NA,1,1,NA,NA,NA,NA,NA,NA,1,1,"Contributed","L",NA,"Maianthemum","monteverdense","Angiosperm"
"209","Mallotus garrettii","TropicalDry","W","E",1.6341423335,87.838,-1.1447927055,36.236441055,2.215333074,0,0,0.41613809,80.1154634916675,80.7304173731447,11.1778881132561,6.88214780404219,-223.045618411056,2,1,"Contributed","T","Euphorbiaceae","Mallotus","garrettii","Angiosperm"
"210","Manilkara chicle","TropicalDry","W","E",2.14166666666667,87.1853333333333,-1.36,89.558262668487,1.30833333333333,1,0,NA,117.172060324604,102.147360181881,15.0247001427228,9.98046512,-112.748546666667,3,1,"Contributed","T","Sapotaceae","Manilkara","chicle","Angiosperm"
"211","Mansoa hymenaea","TropicalDry","W","DD",2.25666666666667,91.5533333333333,-2.06666666666667,55.82069346,1.93333333333333,0,0,NA,93.1640510743333,84.8302652406688,8.33378583366452,3.60121346278922,-177.854833333333,3,1,"Contributed","L","Bignoniaceae","Mansoa","hymenaea","Angiosperm"
"212","Maripa panamensis","TropicalDry","W","E",1.52933333333333,74.3213166666667,-1.1455,73.2396672497221,2.16003333333333,1,0,NA,158.200122581641,116.1513929446,42.0487296370416,27.9525820233465,-156.430792248333,6,1,"Contributed","L","Convolvulaceae","Maripa","panamensis","Angiosperm"
"213","Marsilea quadrifolia","Temperate","F","E",1.855211,92.446177,-1.564098,41.438786,2.108919,0,0,0.509427,87.391043132334,80.7896784162638,6.60136471607017,3.55828243583623,-192.852580152663,1,1,"Contributed",NA,"Marsileaceae","Marsilea","quadrifolia","Angiosperm"
"214","Mertensia lanceolata","Grassland","H","A",1.48,81.302,-1.122,77.3133015,4.09,0,0,NA,316.211403135,257.086194976818,59.1252081581823,39.9494649717448,-328.43518,1,1,"Contributed","H","Boraginaceae","Mertensia","lanceolata","Angiosperm"
"215","Mezzettiopsis creaghii","TropicalDry","W","E",1.7796138665,89.231,-1.283583751,47.951236505,2.441684259,0,0,0.41793958,116.720795346353,115.144682412634,13.8964382882817,7.62783481728995,-243.246450047601,2,1,"Contributed","T","Annonaceae","Mezzettiopsis","creaghii","Angiosperm"
"216","Miconia albicans","TropicalDry","W","E",2.65333333333333,88.68,-1.97,178.385086709436,2.10379429541231,1,1,NA,375.285527805942,333.251808063415,42.0337197425266,16.2073477927,-184.460683821751,3,2,"mb12",NA,"Melastomataceae","Miconia","albicans","Angiosperm"
"217","Microcos chungii","TropicalDry","W","E",1.865364444,NA,-1.146587863,47.20777429,2.177499294,0,1,NA,97.9388925975244,NA,NA,NA,NA,2,1,"Contributed","T","Malvaceae","Microcos","chungii","Angiosperm"
"218","Mikania glaziovii ","TropicalDry","W","E",1.6,80.4,-1.18,58.48856511,NA,0,1,NA,NA,NA,NA,NA,NA,1,1,"Contributed","L",NA,"Mikania","","Angiosperm"
"219","Mimosa bahamensis","TropicalDry","W","DD",2.901,84.23333333,-2.701333333,80.4311107536395,5.735666667,1,0,NA,461.326040939435,388.590301802607,72.7357391368286,7.86584956888,-477.398655564181,1,1,"Contributed","T","Fabaceae","Mimosa","bahamensis","Angiosperm"
"220","Morus alba","Temperate","W","CD",1.200581,96.871885,-1.039086,65.868433,2.252083,0,0,0.767101,148.341178195939,143.700895549615,4.6402826463239,3.8650308861492,-215.911442386455,1,1,"Contributed","T","Moraceae","Morus","alba","Angiosperm"
"221","Myristica yunnanensis","TropicalDry","W","E",1.507512,NA,-0.946165067,69.807027015,2.495061127,0,1,NA,180.523078562443,NA,NA,NA,NA,2,1,"Contributed","T","Myristicaceae","Myristica","yunnanensis","Angiosperm"
"222","Neomillspaughia emarginata","TropicalDry","W","DD",1.641,92.57,-1.338333333,NA,1.483333333,1,0,NA,NA,NA,NA,6.17380642452824,-135.82883330281,1,1,"Contributed","T","Polygonaceae","Neomillspaughia","emarginata","Angiosperm"
"223","Neomirandea croatii","TropicalMoist","W",NA,1.1350071345,88.613603765,-1.025673206,NA,NA,1,1,NA,NA,NA,NA,NA,NA,4,1,"Contributed","S",NA,"Neomirandea","croatii","Angiosperm"
"224","Neomirandea eximia","TropicalMoist","W",NA,0.927901374666667,93.22188308,-0.867896425666667,NA,NA,1,1,NA,NA,NA,NA,NA,NA,3,1,"Contributed","S","Asteraceae","Neomirandea","eximia","Angiosperm"
"225","Nephelium chryseum","TropicalDry","W","E",1.47562065,86.36325526,-1.057327958,59.09887894,1.581748121,0,0,NA,93.1303124287935,89.2499412373288,14.09255201242,12.1747669027084,-153.466673470691,2,1,"Contributed","T","Sapindaceae","Nephelium","chryseum","Angiosperm"
"226","Nephrolepis exaltata","Temperate","F","E",1.33273,94.268299,-0.999185,32.793527,3.445797,0,0,0.764595,112.999836956019,106.523024171212,6.4768127848065,4.85980865201991,-321.383624889303,1,1,"Contributed",NA,"Nephrolepidaceae","Nephrolepis","exaltata","Angiosperm"
"227","Nerium oleander","Med/TempDry","W","E",0.783987,95.276856,-0.59897,141.151079,2.154721,0,0,0.793045,304.141194093959,289.776167533582,14.3650265603772,18.3230417856128,-203.140321437176,1,1,"Contributed","S","Apocynaceae","Nerium","oleander","Angiosperm"
"228","Notopleura guadalupensis","TropicalMoist","W",NA,0.9057389515,89.08010148,-0.8121008045,70.5000000005992,NA,1,1,NA,NA,NA,NA,NA,NA,2,1,"Contributed","S","Rubiaceae","Notopleura","guadalupensis","Angiosperm"
"229","Notopleura maxonii","TropicalMoist","W",NA,0.957158206,88.9887947,-0.845379919,NA,NA,1,1,NA,NA,NA,NA,52.2533912867686,NA,1,1,"Contributed","S",NA,"Notopleura","maxonii","Angiosperm"
"230","Notopleura pithecobia","TropicalMoist","W",NA,0.9698957295,89.98268621,-0.863369226,NA,NA,1,1,NA,NA,NA,NA,NA,NA,2,1,"Contributed","S",NA,"Notopleura","pithecobia","Angiosperm"
"231","Olea europaea","Med/TempDry","W","E",2.368076,87.7706795,-1.7906985,162.1740215,1.225268,0,0,0.4619655,193.207768408881,169.445288875114,23.7624795337673,10.0236619670812,-106.523614602135,2,1,"Contributed","T","Oleaceae","Olea","europaea","Angiosperm"
"232","Oreopanax anomalus","TropicalMoist","W",NA,0.894409075,97.3584844,-0.755914615,NA,NA,1,1,NA,NA,NA,NA,13.840399520267,NA,1,1,"Contributed","S",NA,"Oreopanax","anomalus","Angiosperm"
"233","Oreopanax vestitus","TropicalMoist","W",NA,0.803859027,93.82992901,-0.715199656333333,NA,NA,1,1,NA,NA,NA,NA,11.6975788504429,NA,3,1,"Contributed","S",NA,"Oreopanax","vestitus","Angiosperm"
"234","Oryza sativa","Crop","H","",1.41,89.2,-1.19,51.1379332543958,2.68958948198216,1,1,NA,137.540047411329,122.685722290905,14.8543251204235,10.5349823549103,-237.221792310827,1,1,"mb12",NA,"Poaceae","Oryza","sativa","Angiosperm"
"235","Oryza sativa","Crop","H","H",1.545,88.183333335,-1.105,51.1379332543958,2.68958948198216,1,1,NA,137.540047411329,121.287398477849,16.2526489334797,10.517535194539,-234.487376341961,2,1,"mb14",NA,"Poaceae","Oryza","sativa","Angiosperm"
"236","Osmunda regalis","Temperate","F","E",1.538573,92.489472,-1.367179,56.438505,2.082131,0,0,0.263237,117.512360854155,108.686562088743,8.82579876541234,5.7363535986998,-190.493065824832,1,1,"Contributed",NA,"Osmundaceae","Osmunda","regalis","Angiosperm"
"237","Oxandra espintana","TropicalDry","W","E",2.0744,96.338,-1.7604,NA,4.5786,1,0,NA,NA,NA,NA,14.230925428192,-436.5145668,1,1,"Contributed","T","Annonaceae","Oxandra","espintana","Angiosperm"
"238","Pachira quinata","TropicalDry","W","DD",1.0384,87.554,-0.7338,59.9349848003449,0.9722,1,0,NA,58.2687922228953,51.0166583428338,7.25213388006155,25.230500525568,-84.1477988,1,1,"Contributed","T","Malvaceae","Pachira","quinata","Angiosperm"
"239","Parashorea chinensis","TropicalDry","W","E",1.810082667,NA,-1.115633011,43.09810176,1.522454127,0,0,NA,65.614882890378,NA,NA,NA,NA,1,1,"Contributed","T","Dipterocarpaceae","Parashorea","chinensis","Angiosperm"
"240","Pascopyrum smithii","Grassland","H","A",2.301797988,88.53821908,-1.7885370795,117.3199457,1.717766198,0,0,NA,200.743589561843,178.178752046453,22.5648375153902,9.90301153630882,-150.255077085329,2,1,"Contributed","H","Poaceae","Pascopyrum","smithii","Angiosperm"
"241","Paullinia cururu","TropicalDry","W","DD",2.75,90.7633333333333,-2.28,71.68318828,1.35666666666667,0,0,NA,96.8288110100667,87.9055493521122,8.92326165795451,3.2549124238001,-121.7633,3,1,"Contributed","L","Sapindaceae","Paullinia","cururu","Angiosperm"
"242","Paullinia pinnata","TropicalDry","W","DD",1.9316,89.59991,-1.6837,58.0585478754518,1.54224,1,0,NA,92.3171689509471,82.2454808724579,10.0716880784892,5.06133313912648,-135.941625358,10,1,"Contributed","L","Sapindaceae","Paullinia","pinnata","Angiosperm"
"243","Pennisetum glaucum","Crop","H","H",1.535,76.25,-1.07,32.080056803641,3.60749589659136,1,1,NA,115.728673281553,88.2431133771838,27.4855599043687,18.0438765200585,-271.4640662185,4,1,"mb14",NA,"Poaceae","Pennisetum","glaucum","Angiosperm"
"244","Penstemon albidus","Grassland","H","A",1.741666667,79.055,-1.385,103.174478,2.328333333,0,0,NA,240.224576242275,189.909538748331,50.3150374939445,28.8890167374056,-181.738058307315,1,1,"Contributed","H","Plantaginaceae","Penstemon","albidus","Angiosperm"
"245","Petrea volubilis","TropicalDry","W","DD",1.76,84.01,-1.42333333333333,102.970872893333,1.10666666666667,0,0,NA,113.445125682,95.1102923880042,18.3348332939958,11.215214902341,-91.7618666666667,3,1,"Contributed","L","Verbenaceae","Petrea","volubilis","Angiosperm"
"246","Phaseolu vulgaris","Crop","H","A",0.79,84,-0.68,42.8,6.14,0,0,NA,262.792,220.74528,42.04672,53.2236962025316,-509.62,1,1,"Contributed","H",NA,"Phaseolu","vulgaris","Angiosperm"
"247","Phaseolus vulgaris","Crop","H","H",1.14882571428571,74.488755,-0.916923857142857,38.0956222844424,4.32369891274209,1,1,0.692063,141.397357739936,105.037455436732,36.3599023032038,33.441117272451,-334.758946457769,7,2,"Contributed","H","Fabaceae","Phaseolus","vulgaris","Angiosperm"
"248","Phellodendron amurense","Temperate","W",NA,1.3,92.68,-1.11,114,1.76,0,0,NA,200.64,185.953152,14.686848,11.2975753846154,-161.3568,1,1,"Contributed","T","Rutaceae","Phellodendron","amurense","Angiosperm"
"249","Phlebodium aureum","TropicalDry","F","E",1.672347,93.094701,-1.469701,69.341787,2.467942,0,0,0.361574,171.131508492354,159.314366147747,11.8171423446074,7.06620237582717,-227.284380575342,1,1,"Contributed",NA,"Polypodiaceae","Phlebodium","aureum","Angiosperm"
"250","Phoebe lanceolata","TropicalDry","W","E",1.9193,NA,-1.199465449,65.53684955,1.190323834,0,0,NA,78.0100740246372,NA,NA,NA,NA,1,1,"Contributed","T","Lauraceae","Phoebe","lanceolata","Angiosperm"
"251","Phytolacca dioica","TropicalDry","W","E",1.501812,92.966689,-1.285462,87.887853,2.815536,0,0,0.479294,247.451414084208,230.047386557768,17.4040275264402,11.5886858850776,-258.935523680304,1,1,"Contributed","T","Phytolaccaceae","Phytolacca","dioica","Angiosperm"
"252","Picea mariana","TemperateConifer","W","E",2.17,74.6,-1.61,338.7,3.50305334370931,0,1,NA,1186.48416751434,885.1171889657,NA,NA,-257.824726097005,1,1,"mb12",NA,"Pinaceae","Picea","mariana","Gymnosperm"
"253","Pictetia aculeata","TropicalDry","W","DD",1.8426,86.342,-1.4414,104.004370547832,2.8712,1,0,NA,298.617348716935,257.832191229176,40.785157487759,19.00932711984,-245.0339504,1,1,"Contributed","T","Fabaceae","Pictetia","aculeata","Angiosperm"
"254","Pinus albicaulis","TemperateConifer","W","E",2.97977777777778,84.1962,-2.184,260.907233077179,1.74711470588235,1,1,NA,514.500553645531,431.404978124861,82.6417971234441,32.6670945888653,-145.078701502121,90,1,"Contributed","T","Pinaceae","Pinus","albicaulis","Gymnosperm"
"255","Pinus cembra","TemperateConifer","W","E",2.34,87.4,-1.74,241.251377226449,1.31744192347463,1,1,NA,317.834678454117,277.787508968898,40.0471694852187,17.1141749936832,-113.826982188208,1,1,"mb12",NA,"Pinaceae","Pinus","cembra","Gymnosperm"
"256","Pinus flexilis","TemperateConifer","W","E",3.203,86.5289666666667,-2.468,198.87730830825,2.32308333333333,1,1,NA,499.430001086442,434.618422601499,64.8115784849431,27.9686853727664,-201.658497681667,10,1,"Contributed","T","Pinaceae","Pinus","flexilis","Gymnosperm"
"257","Pinus longaeva","TemperateConifer","W","E",3.30125,79.9853333333333,-2.551875,319.20292,1.53706666666667,1,1,NA,486.124533846,389.128385499815,96.9961483461855,35.4442213239828,-120.368915946667,16,1,"Contributed","T","Pinaceae","Pinus","longaeva","Gymnosperm"
"258","Pinus ponderosa","TemperateConifer","W","E",2.655,78.1,-1.95,212.321230950049,1.0794329958695,1,1,NA,229.186542411111,178.994689623078,50.1918527880334,18.9291107250659,-83.2242839815384,2,1,"mb14",NA,"Pinaceae","Pinus","ponderosa","Gymnosperm"
"259","Pinus sabiniana","Med/TempDry","W","E",1.929,89.6,-1.297,127.226463104326,1.208,1,0,0.6765,153.689567430025,137.669211195929,16.0203562340967,19.0248910253718,-107,2,1,"Contributed","T","Pinaceae","Pinus","sabiniana","Gymnosperm"
"260","Pinus tabulaeformis","TemperateConifer","W","E",2.468,80.9,-1.49,188.507870465932,1.30643160334555,1,1,NA,246.272639456063,199.234565319955,47.0380741361081,18.7012960330776,-104.383885107309,2,1,"mb14",NA,"Pinaceae","Pinus","tabulaeformis","Gymnosperm"
"261","Piscidia pscipula","TropicalDry","W","DD",1.7692,90.722,-1.625,NA,0.6618,1,0,NA,NA,NA,NA,19.668751222848,-59.3780196,1,1,"Contributed","T",NA,"Piscidia","pscipula","Angiosperm"
"262","Pisonia aculeata","TropicalDry","W","DD",1.7078,91.914,-1.3628,51.4362201414671,6.0638,1,0,NA,311.898951693828,286.678802459865,25.220149233963,14.864512016624,-551.2843132,1,1,"Contributed","T","Nyctaginaceae","Pisonia","aculeata","Angiosperm"
"263","Pisonia albida","TropicalDry","W","DD",2.1376,86.62,-1.8632,101.000000000101,3.5466,1,0,NA,358.206600000358,310.27855692031,47.9280430800479,16.805636818288,-303.659892,1,1,"Contributed","T","Nyctaginaceae","Pisonia","albida","Angiosperm"
"264","Pithecellobium unguis-cati","TropicalDry","W","DD",3.1205,77.6525,-2.21325,89.9698245711376,5.40025,1,0,NA,485.859545140286,377.28208329006,108.577461850225,11.56590884404,-413.942663125,1,1,"Contributed","T","Fabaceae","Pithecellobium","unguis-cati","Angiosperm"
"265","Pittosporopsis kerrii","TropicalDry","W","E",1.840034667,NA,-1.132381406,74.47259466,2.09200871,0,0,NA,155.79731668502,NA,NA,NA,NA,1,1,"Contributed","T","Metteniusaceae","Pittosporopsis","kerrii","Angiosperm"
"266","Pittosporum tobira","Temperate","W","E",1.367066,92.822748,-0.928788,110.125583,1.828973,0,0,0.770833,201.416717916259,186.96053250128,14.456185414979,10.5746067965841,-167.941326877804,1,1,"Contributed","S","Pittosporaceae","Pittosporum","tobira","Angiosperm"
"267","Plantago patagonica","Grassland","H","A",1.682,82.224,-1.282,89.94073654,3.008,0,0,NA,270.54173551232,222.45023660765,48.09149890467,28.5918542833948,-244.321792,1,1,"Contributed","H","Plantaginaceae","Plantago","patagonica","Angiosperm"
"268","Pleroma hospita","TropicalDry","W","E",2.3,76.24,-1.67,118.3240787,NA,0,1,NA,NA,NA,NA,NA,NA,1,1,"Contributed","S",NA,"Pleroma","hospita","Angiosperm"
"269","Pleurothallis dolichopus","TropicalMoist","W",NA,0.345734833,95.40929388,-0.319191756,NA,NA,1,1,NA,NA,NA,NA,141.61634188118,NA,1,1,"Contributed","L","Orchidaceae","Pleurothallis","dolichopus","Angiosperm"
"270","Poa secunda","Grassland","H","A",2.135,81.94,-1.4525,67.66720122,2.0475,0,0,NA,138.54859449795,113.52671833162,25.0218761663298,11.7198483214659,-165.72465,1,1,"Contributed","H","Poaceae","Poa","secunda","Angiosperm"
"271","Polyalthia tomentosa","TropicalDry","W","E",NA,NA,NA,38.93927082,NA,0,1,NA,NA,NA,NA,NA,NA,1,1,"Contributed","T",NA,"Polyalthia","tomentosa","Angiosperm"
"272","Polypodium scouleri","TemperateConifer","F","E",2.185546,93.576,-2.02,113.764,2.324,0,0,0.137,264.387536,247.40328068736,16.98425531264,7.77117265554695,-215.146624,1,1,"Contributed","S","Polypodiaceae","Polypodium","scouleri","Angiosperm"
"273","Polystichum munitum","TemperateConifer","F","E",2.204887,95.804,-2.035,58.036,1.777,0,0,0.455,103.129972,98.80263837488,4.32733362512,1.96261015876097,-168.466708,1,1,"Contributed","S","Dryopteridaceae","Polystichum","munitum","Angiosperm"
"274","Pometia tomentosa","TropicalDry","W","E",2.035416,NA,-1.242020834,46.76720434,1.274375485,0,0,NA,59.5989787128816,NA,NA,NA,NA,1,1,"Contributed","T",NA,"Pometia","tomentosa","Angiosperm"
"275","Populus nigra","Temperate","W","CD",1.817537,92.700656,-1.199541,105.17935,1.58982,0,0,0.779873,167.216234217,155.010546057655,12.2056881593445,6.71551014331182,-145.78753692192,1,1,"Contributed","T","Salicaceae","Populus","nigra","Angiosperm"
"276","Pouteria caimito","TropicalDry","W","E",1.4692,92.078,-1.1218,85.024838147456,3.0482,1,0,NA,259.172711641075,238.641049424869,20.531662216206,11.887876126672,-277.6239596,1,1,"Contributed","T","Sapotaceae","Pouteria","caimito","Angiosperm"
"277","Prunus persica","Crop","W","E",2.81,70,-1.46,59.1208606737874,1.70031310092819,1,1,NA,100.523973941791,70.3667817592536,30.1571921825373,10.7485989970691,-117.321603964045,2,1,"mb14",NA,"Rosaceae","Prunus","persica","Angiosperm"
"278","Prunus serotina","Temperate","W","CD",1.42,90,-1.14,35.9,2.15593092750656,0,1,NA,77.3979202974855,69.6581282677369,7.73979202974856,5.45055776742856,-191.877852548084,1,1,"mb12",NA,"Rosaceae","Prunus","serotina","Angiosperm"
"279","Pseuduvaria indochinensis","TropicalDry","W","E",2.017666667,NA,-1.231921483,54.81200225,1.971739092,0,0,NA,108.074967547117,NA,NA,NA,NA,1,1,"Contributed","T","Annonaceae","Pseuduvaria","indochinensis","Angiosperm"
"280","Psidium cattleianum","TropicalDry","W","E",1.946062498,87.07599,-1.716842306,110.6774581,2.571153391,0,0,NA,284.568721701075,247.791031651556,36.7776900495192,18.8985143526049,-221.314573572182,1,1,"Contributed","S","Myrtaceae","Psidium","cattleianum","Angiosperm"
"281","Pterospermum menglunense","TropicalDry","W","E",1.8329912335,83.542,-1.284711596,59.49166071,1.7939589125,0,0,0.19898623,104.743997544282,104.527013804561,20.5921044887058,11.3304061553119,-186.847310470908,2,1,"Contributed","T","Malvaceae","Pterospermum","menglunense","Angiosperm"
"282","Quercus alba","Temperate","W","CD",2.35,66,-1.55,63.8093730972238,2.32701779234115,1,1,NA,148.485546515374,98.0004607001472,50.4850858152273,21.8246544558673,-151.256156502175,2,1,"mb14",NA,"Fagaceae","Quercus","alba","Angiosperm"
"283","Quercus douglasii","Med/TempDry","W","DD",3.26866666666667,81.4833333333333,-2.445,138.913333333333,0.947,0,0,0.3158,131.095833333333,106.616652466667,24.4791808666667,7.90941643789713,-75.9915666666667,6,1,"Contributed","T","Fagaceae","Quercus","douglasii","Angiosperm"
"284","Quercus ellipsoidalis","Temperate","W","CD",1.355,94.9,-1.015,53.8735615293284,1.51951478758751,1,1,NA,81.86167340382,77.6867280602252,4.17494534359483,3.81352903615107,-142.682438554467,2,1,"mb14",NA,"Fagaceae","Quercus","ellipsoidalis","Angiosperm"
"285","Quercus garryana","Med/TempDry","W","CD",3.60823041666667,84.48347,-2.93442708333333,116.9972,1.15899458333333,0,0,0.180375130434783,132.241229042595,111.505075749113,20.736153293482,5.65271930677654,-97.004373033445,24,1,"Contributed","T","Fagaceae","Quercus","garryana","Angiosperm"
"286","Quercus ilex","Med/TempDry","W","E",2.3815645,89.939925,-1.830638,162.594817,0.918543,0,0,0.550558,147.6832349846,132.822962054626,14.8602729299743,6.17968856256776,-81.888395155754,2,1,"Contributed","T","Fagaceae","Quercus","ilex","Angiosperm"
"287","Quercus lobata","Med/TempDry","W","DD",3.33683333333333,82.8333333333333,-2.611,121.441,1.08016666666667,0,0,0.2688,130.988332666667,108.186895498,22.8014371686667,6.90788809788214,-88.04815,6,1,"Contributed","T","Fagaceae","Quercus","lobata","Angiosperm"
"288","Quercus macrocarpa","Temperate","W","CD",2.505,81.9,-2,55.7631281746551,1.79366098414188,1,1,NA,100.020147360582,81.9165006883164,18.1036466722653,7.21167597162755,-145.107173617078,2,1,"mb14",NA,"Fagaceae","Quercus","macrocarpa","Angiosperm"
"289","Quercus muehlenbergii","Temperate","W","CD",2.125,86.75,-1.89,54.1372366374397,2.16809986130063,1,1,NA,117.374935244832,101.822756324892,15.5521789199403,7.08462625354004,-185.914563106529,2,1,"mb14",NA,"Fagaceae","Quercus","muehlenbergii","Angiosperm"
"290","Quercus oleoides","TropicalDry","W","E",2.225,92.918,-1.65566666666667,133.653452134026,0.87,1,0,NA,116.278503356603,108.028305640307,8.25019771629578,6.40142949333333,-79.957172,3,1,"Contributed","T",NA,"Quercus","oleoides","Angiosperm"
"291","Quercus rubra","Temperate","W","CD",2.00375,76.1335,-1.3625,65.0688237465764,1.6318466376844,1,1,NA,106.182341248929,77.9080589684801,28.2742822804491,13.1840724210522,-118.099930398748,4,2,"Contributed","T","Fagaceae","Quercus","rubra","Angiosperm"
"292","Quercus serrata","Temperate","W","CD",1.97,92,-1.66,74.0634894082923,1.08129258389054,1,1,NA,80.084301834242,73.6775576875027,6.40674414673937,3.2521543892078,-98.3976251340391,1,1,"mb12",NA,"Fagaceae","Quercus","serrata","Angiosperm"
"293","Rehdera trinervis","TropicalDry","W","DD",2.324,91.3686666666667,-1.74666666666667,129.148559754597,1.192,1,0,NA,153.945083227479,140.473140204071,13.4719430234083,8.53323762666667,-107.576646333333,3,1,"Contributed","T","Verbenaceae","Rehdera","trinervis","Angiosperm"
"294","Robinia pseudoacacia","Other","W","CD",1.965,84.7,-1.43,46.1697509224537,1.98133154125923,1,1,NA,91.4775837547399,77.4815134402647,13.9960703144752,6.91600761888065,-165.837450003398,2,1,"mb14",NA,"Fabaceae","Robinia","pseudoacacia","Angiosperm"
"295","Rourea glabra","TropicalDry","W","E",2.15,88.66,-1.81666666666667,121.947897433333,1.00333333333333,0,0,NA,120.192940072333,106.46109490134,13.7318451709931,6.37850672164483,-87.6194,3,1,"Contributed","L",NA,"Rourea","glabra","Angiosperm"
"296","Salix arctica","Other","W","CD",1.475,81.75,-1.255,81,1.50072110245036,0,1,NA,121.558409298479,99.3739996015067,22.1844096969724,15.042503844913,-121.183229022867,2,1,"mb12",NA,"Salicaceae","Salix","arctica","Angiosperm"
"297","Samanea saman","TropicalDry","W","DD",1.9268,80.958,-1.5084,NA,0.5792,1,0,NA,NA,NA,NA,16.5077613696,-46.3116736,1,1,"Contributed","T","Fabaceae","Samanea","saman","Angiosperm"
"298","Sapium glandulosum","TropicalDry","W","E",1.50833333333333,84.9843333333333,-1.10166666666667,69.3222144318075,3.18633333333333,1,0,NA,220.883682584549,187.063989459347,33.8196931252024,22.2788962666667,-266.660772666667,3,1,"Contributed","T","Euphorbiaceae","Sapium","glandulosum","Angiosperm"
"299","Saprosma ternata","TropicalDry","W","E",1.3283702165,82.27224925,-0.9797359775,45.851328515,2.7591764925,0,0,NA,126.23639400042,98.1648147157726,21.1522279209007,16.9353428044109,-230.241282122713,2,1,"Contributed","T","Rubiaceae","Saprosma","ternata","Angiosperm"
"300","Satyria meiantha CF","TropicalMoist","W",NA,1.50239252,89.893378635,-1.410640641,NA,NA,1,1,NA,NA,NA,NA,NA,NA,2,1,"Contributed","S",NA,"Satyria","CF","Angiosperm"
"301","Satyria warszewiczii CF","TropicalMoist","W",NA,1.43835995,79.84457489,-1.051736352,NA,NA,1,1,NA,NA,NA,NA,NA,NA,1,1,"Contributed","S",NA,"Satyria","CF","Angiosperm"
"302","Schefflera rodriguesiana","TropicalMoist","W",NA,1.59080643733333,87.98201636,-1.40313595666667,77.9013545790407,2.65275337182501,1,1,NA,206.653081029286,181.81754755963,24.8355334696555,15.3936157731872,-230.741837187128,3,1,"Contributed","T","Araliaceae","Schefflera","rodriguesiana","Angiosperm"
"303","Securidaca diversifolia","TropicalDry","W","DD",1.80666666666667,84.0133333333333,-1.48666666666667,62.6495536266667,1.48,0,0,NA,89.2297900301,74.7463871310921,14.4834028990079,7.88277857543606,-123.269533333333,3,1,"Contributed","L","Polygalaceae","Securidaca","diversifolia","Angiosperm"
"304","Sequoiadendron giganteum","TemperateConifer","W","E",1.90911686363636,88.6912227272727,-1.42498368181818,546.8127495,1.37582772727273,0,0,0.557451181818182,751.012764337132,667.309289528152,83.7034748089803,44.065600940092,-120.89741921925,440,1,"Contributed","T","Cupressaceae","Sequoiadendron","giganteum","Gymnosperm"
"305","Serjania schiedeana","TropicalDry","W","DD",2.19333333333333,78.4233333333333,-1.76,47.9135143766667,2.31,0,0,NA,105.002188022433,81.5250738258553,23.4771141965781,10.3875039974983,-181.847966666667,3,1,"Contributed","L","Sapindaceae","Serjania","schiedeana","Angiosperm"
"306","Shorea wantianshuea","TropicalDry","W","E",1.5229306,70.057,-1.1220542,41.50356721,2.123744752,0,0,NA,88.1429830515168,61.7503296364011,26.3926534151157,17.3301747401462,-146.659441338864,1,1,"Contributed","T",NA,"Shorea","wantianshuea","Angiosperm"
"307","Sideroxylon capiri","TropicalDry","W","E",2.0932,91.978,-1.6454,102.853115176171,3.2132,1,0,NA,330.487629684073,303.975912030817,26.5117176532564,13.436747030784,-292.3305096,1,1,"Contributed","T","Sapotaceae","Sideroxylon","capiri","Angiosperm"
"308","Simarouba glauca","TropicalDry","W","E",1.887,86.315,-1.35233333333333,121.667970684857,1.50166666666667,1,0,NA,182.704735978427,157.903410011713,24.8013259667143,16.50199648,-128.280567,3,1,"Contributed","T","Simaroubaceae","Simarouba","glauca","Angiosperm"
"309","Sloanea tomentosa","TropicalDry","W","E",1.5060097,81.619,-1.0460804795,63.019989845,1.533265481,0,0,0.21158034,96.3930761244268,77.4968442352589,17.4526702592324,12.0086679403534,-116.543362113255,2,1,"Contributed","T","Elaeocarpaceae","Sloanea","tomentosa","Angiosperm"
"310","Solanum galapagense","Crop","H","E",1.06,89.3,-0.9,26.34,6.17,0,0,NA,162.5178,145.1283954,17.3894046,16.4050986792453,-544.811,1,1,"Contributed","H","Solanaceae","Solanum","galapagense","Angiosperm"
"311","Solanum habrochaites","Crop","H","E",0.99,85.3,-0.89,24.54,6.29,0,0,NA,154.3566,131.6661798,22.6904202,22.9196163636364,-530.247,1,1,"Contributed","H","Solanaceae","Solanum","habrochaites","Angiosperm"
"312","Solanum lycopersicum","Crop","H","A",0.8104,90.1101,-0.7048,27.65,7.5544,0,0,NA,208.87916,188.22121995516,20.65794004484,25.4910415163376,-673.17333944,1,1,"Contributed","H","Solanaceae","Solanum","lycopersicum","Angiosperm"
"313","Solanum lycopersicum","Crop","H","E",0.895,90.4,-0.78,29.99,6.84,0,0,NA,204.7326,185.4187827,19.3138173,21.5344244317329,-612.693,2,1,"Contributed","H","Solanaceae","Solanum","lycopersicum","Angiosperm"
"314","Solanum lycopersicum","Crop","H","H",0.643093,90.826677,-0.472216,51.586939,5.683957,0,0,0.629388,293.217943037623,266.320114028826,26.8978290087971,41.825721954363,-510.570969520889,1,1,"Contributed","H","Solanaceae","Solanum","lycopersicum","Angiosperm"
"315","Solanum lycopersicum ","Crop","H","E",0.82,92.84,-0.73,22.31,7.73,0,0,NA,172.4563,160.10842892,12.34787108,15.0583793658537,-709.9232,1,1,"Contributed","H","Solanaceae","Solanum","","Angiosperm"
"316","Solanum pennellii","Crop","H","E",0.93,84.5,-0.81,24.23,5.97536208780243,0,1,NA,144.783023387453,122.341654762398,22.4413686250552,159.2550752,-498.942734331503,1,1,"Contributed","H","Solanaceae","Solanum","pennellii","Angiosperm"
"317","Solanum pimpinellifolium","Crop","H","E",1,90.7,-0.92,24.81,8.41,0,0,NA,208.6521,189.2474547,19.4046453,19.4046453,-754.377,1,1,"Contributed","H","Solanaceae","Solanum","pimpinellifolium","Angiosperm"
"318","Sphaeradenia praetermissa","TropicalMoist","W",NA,1.11772107633333,87.17656558,-0.959894304333333,NA,NA,1,1,NA,NA,NA,NA,22.6206388741139,NA,3,1,"Contributed","L",NA,"Sphaeradenia","praetermissa","Angiosperm"
"319","Sphaeralcea coccinia","Grassland","H","A",1.954,85.344,-1.464,109.5418791,2.149,0,0,NA,235.4054981859,200.904468371774,34.5010298141255,17.6566171003713,-181.255256,1,1,"Contributed","H",NA,"Sphaeralcea","coccinia","Angiosperm"
"320","Spharalcea coccinea","Grassland","H","A",1.54688474,76.93846446,-1.022097293,99.32841513,2.458205336,0,0,NA,244.169640088989,187.860371761977,56.3092683270123,36.4017220358721,-186.672338543218,1,1,"Contributed","H",NA,"Spharalcea","coccinea","Angiosperm"
"321","Sphyrospermum buxifolium","TropicalMoist","W",NA,1.0973652055,94.806376615,-0.9913361655,NA,NA,1,1,NA,NA,NA,NA,33.224747021727,NA,2,1,"Contributed","S","Ericaceae","Sphyrospermum","buxifolium","Angiosperm"
"322","Sphyrospermum cordifolium","TropicalMoist","W",NA,1.004479536,96.86178885,-0.920550175,NA,NA,1,1,NA,NA,NA,NA,13.5954926698962,NA,1,1,"Contributed","S","Ericaceae","Sphyrospermum","cordifolium","Angiosperm"
"323","Spinacia oleracea","Crop","H","H",1.098834,94.58099,-0.882754,66.416109,6.818553,0,0,0.692749,452.861759270277,428.321135249245,24.5406240210322,22.3333315323627,-638.08694010747,1,1,"Contributed","H","Amaranthaceae","Spinacia","oleracea","Angiosperm"
"324","Spondias mombin","TropicalDry","W","DD",1.5405,87.82,-1.1645,54.7175979976607,1.074,1,0,NA,58.7667002494876,51.6089161591,7.15778409038759,22.1955906094,-93.24468,1,1,"Contributed","T","Anacardiaceae","Spondias","mombin","Angiosperm"
"325","Stenospermation sessile","TropicalMoist","W",NA,0.386993271,95.806977045,-0.312417278,NA,NA,1,1,NA,NA,NA,NA,51.0399528980801,NA,2,1,"Contributed","S",NA,"Stenospermation","sessile","Angiosperm"
"326","Sumbaviopsis albicans","TropicalDry","W","E",2.2643203335,66.936,-1.4723049525,61.80216755,2.032752821,0,0,NA,124.800017765164,98.6521106754329,48.7306290691483,22.4472632330958,-162.313837417888,2,1,"Contributed","T","Euphorbiaceae","Sumbaviopsis","albicans","Angiosperm"
"327","Sweitenia macrophyllum","TropicalDry","W","DD",1.84366666666667,88.8613333333333,-1.36333333333333,NA,1.29633333333333,1,0,NA,NA,NA,NA,10.7851476266667,-114.146047666667,3,1,"Contributed","T",NA,"Sweitenia","macrophyllum","Angiosperm"
"328","Swietenia macrophylla","TropicalDry","W","CD",2.15316666666667,85.53315,-1.8065,41.0961227813979,1.33925,1,0,NA,55.0379824349871,47.0065974332774,8.03138500170974,3.75146587955395,-113.042823665,6,1,"Contributed","T","Meliaceae","Swietenia","macrophylla","Angiosperm"
"329","Swietenia mahagoni","TropicalDry","W","DD",1.7695,75.6575,-1.315,95.9462278423977,2.21225,1,0,NA,212.257042544344,160.588371962987,51.668670581357,10.7222893122,-165.161054375,1,1,"Contributed","T","Meliaceae","Swietenia","mahagoni","Angiosperm"
"330","Syringa vulgaris","Temperate","W","CD",2.369579,87.5210155,-1.8546685,85.687839,2.630128,0,0,0.4062425,220.571584392652,193.054657964762,27.5169264278904,11.8952018012734,-227.671458549866,2,1,"Contributed","T","Oleaceae","Syringa","vulgaris","Angiosperm"
"331","Syzygium latilimbum","TropicalDry","W","E",1.2772016665,79.63449999,-0.9264348835,129.312337,1.736865276,0,0,0.26196765,223.389729550223,198.615720355942,50.7934181215807,42.8134240187297,-157.253705491117,2,1,"Contributed","T","Myrtaceae","Syzygium","latilimbum","Angiosperm"
"332","Tabebuia Impetiginosa","TropicalDry","W","DD",2.105,89.072,-1.78066666666667,NA,1.55133333333333,1,0,NA,NA,NA,NA,5.42259928,-136.395468666667,3,1,"Contributed","T","Bignoniaceae","Tabebuia","Impetiginosa","Angiosperm"
"333","Tabebuia heterophylla","TropicalDry","W","DD",1.875,80.715,-1.55225,94.5922210100588,4.38475,1,0,NA,414.763241073855,334.776150032762,79.9870910410929,22.73254503744,-349.53034625,1,1,"Contributed","T","Bignoniaceae","Tabebuia","heterophylla","Angiosperm"
"334","Tabebuia ochraceae","TropicalDry","W","DD",2.12733333333333,86.6386666666667,-1.80633333333333,NA,1.11833333333333,1,0,NA,NA,NA,NA,8.92356869333333,-95.708346,3,1,"Contributed","T",NA,"Tabebuia","ochraceae","Angiosperm"
"335","Tabebuia roseoalba","TropicalDry","W","DD",1.960298708,85.0776,-1.714065432,65.73277363,2.237931557,0,0,NA,147.105448435714,125.153784998343,21.951663437371,11.1981216677775,-188.159914276823,1,1,"Contributed","T","Bignoniaceae","Tabebuia","roseoalba","Angiosperm"
"336","Tabernaemontana corymbosa","TropicalDry","W","E",1.463,NA,-0.921191684,41.93845527,3.445352918,0,0,NA,144.492779240907,NA,NA,NA,NA,1,1,"Contributed","T","Apocynaceae","Tabernaemontana","corymbosa","Angiosperm"
"337","Terminalia amazonia","TropicalDry","W","E",1.76466666666667,84.02805,-1.4215,68.1289126711232,1.52930833333333,1,0,NA,104.190113888888,87.3238552987863,16.8662585901014,9.64760058361712,-126.645136076667,12,1,"Contributed","T","Combretaceae","Terminalia","amazonia","Angiosperm"
"338","Tetracera volubilis","TropicalDry","W","DD",1.29,87.145,-0.883333333333333,51.77072526,3.15666666666667,0,0,NA,161.430103206,103.662269262557,15.1305916219434,12.2751099524655,-199.47725,3,1,"Contributed","L","Dilleniaceae","Tetracera","volubilis","Angiosperm"
"339","Thouinia portoricensis","TropicalDry","W","DD",2.7696,86.646,-1.9892,NA,4.4454,1,0,NA,NA,NA,NA,18.484823051808,-380.7307284,1,1,"Contributed","T","Sapindaceae","Thouinia","portoricensis","Angiosperm"
"340","Thuja plicata","TemperateConifer","W","E",1.92,84.25,-1.47,76.7066422151928,2.68324125230203,1,1,NA,205.822426717378,173.405394509391,32.417032207987,16.8535107010966,-223.379834254144,2,1,"mb14",NA,"Cupressaceae","Thuja","plicata","Gymnosperm"
"341","Trichilia carinata","TropicalDry","W","E",1.7948,95.92,-1.2084,NA,2.7782,1,0,NA,NA,NA,NA,16.494361604336,-263.706744,1,1,"Contributed","T",NA,"Trichilia","carinata","Angiosperm"
"342","Trichilia oligofoliolata","TropicalDry","W","E",1.9266,88.326,-1.425,NA,1.9304,1,0,NA,NA,NA,NA,19.478448614096,-168.5741104,1,1,"Contributed","T",NA,"Trichilia","oligofoliolata","Angiosperm"
"343","Trichilia pallida","TropicalDry","W","E",2.445666667,89.18166667,-2.057166667,59.1483883907562,1.042833333,1,0,NA,61.6819110071108,55.0089562700476,6.67295473706321,10.15628524516,-91.9587813629711,1,1,"Contributed","T","Meliaceae","Trichilia","pallida","Angiosperm"
"344","Trigonia rugosa","TropicalDry","W","DD",2.04,91.195,-1.59,73.80187337,1.96,0,0,NA,141.4449380477,128.689981174582,12.7549568731177,5.9871956725522,-177.90595,2,1,"Contributed","L","Trigoniaceae","Trigonia","rugosa","Angiosperm"
"345","Trigonostemon thyrsoideum","TropicalDry","W","E",1.2895989835,79.475,-0.9344496865,52.760547685,2.9999030245,0,0,NA,159.253307320822,106.187318083789,27.4236515088992,23.0914369953361,-211.6957367197,2,1,"Contributed","T","Euphorbiaceae","Trigonostemon","thyrsoideum","Angiosperm"
"346","Triplaris melaenodendron","TropicalDry","W","DD",1.4858,88.156,-1.0546,84.2835498336822,1.1802,1,0,NA,99.4714455137117,87.6900475070677,11.781398006644,14.7312746088,-102.8615112,1,1,"Contributed","T","Polygonaceae","Triplaris","melaenodendron","Angiosperm"
"347","Triticum aestivum","Crop","H","H",1.4955278,89.5474056,-1.2658168,45.922831890897,2.87304872874575,1,1,0.490189,127.465825286242,114.224325315755,13.2414999704874,9.07181904161448,-254.279185438811,5,2,"Contributed","H","Poaceae","Triticum","aestivum","Angiosperm"
"348","Tsuga heterophylla","TemperateConifer","W","E",2.093255,91.2085,-1.8655,95.6105,1.5265,0,0,0.1845,139.7762,127.59267494555,12.18352505445,5.78298657646986,-137.6289615,2,1,"Contributed","T","Pinaceae","Tsuga","heterophylla","Gymnosperm"
"349","Urophyllum chinense","TropicalDry","W","E",1.201613333,NA,-0.774741555,37.13166367,3.502326273,0,0,NA,130.047201231641,NA,NA,NA,NA,1,1,"Contributed","T","Rubiaceae","Urophyllum","chinense","Angiosperm"
"350","Vaccinium ovatum","TemperateConifer","W","E",2.40423,93.9225,-2.173,133.7495,1.3565,0,0,0.3585,178.779682,167.6650138941,11.1146681059,4.52682111384683,-126.172795,2,1,"Contributed","S","Ericaceae","Vaccinium","ovatum","Angiosperm"
"351","Vaccinium parvifolium","TemperateConifer","W","DD",1.8818965,88.7015,-1.611,33.4905,1.9045,0,0,0.2295,62.438961,55.38259691367,7.05636408633,3.8922332163759,-166.7956615,2,1,"Contributed","S","Ericaceae","Vaccinium","parvifolium","Angiosperm"
"352","Vigna unguiculata","Crop","H","A",0.8513,88.77675,-0.78855,64.0934,5.1916,0,0,NA,329.72590688,293.837682121173,35.8882247588272,42.1103069324158,-455.1138746,2,1,"Contributed","H","Fabaceae","Vigna","unguiculata","Angiosperm"
"353","Vitis vinifera","Crop","W","CD",1.48989225,91.335824,-1.167609625,57.9347143617286,3.436804441833,1,1,0.624440833333333,184.631771550174,168.341545669219,16.2902258809557,10.752934141499,-308.73848357161,8,2,"Contributed","L","Vitaceae","Vitis","vinifera","Angiosperm"
"354","Walsura robusta","TropicalDry","W","E",2.155986667,NA,-1.309448174,68.43914376,1.606343461,0,0,NA,109.936771055315,NA,NA,NA,NA,1,1,"Contributed","T","Meliaceae","Walsura","robusta","Angiosperm"
"355","Woodfordia fruticosa","TropicalDry","W","E",2.17,76,-1.7,49.3,1.28792936362658,0,1,NA,63.4949176267904,48.2561373963607,15.2387802304297,7.02247936886161,-96.5947022719935,1,1,"mb12",NA,"Lythraceae","Woodfordia","fruticosa","Angiosperm"
"356","Xanthostemon paradoxus","Med/TempDry","W","CD",1.73,85.5,-1.445,127.002123716698,1.53087973965956,1,1,NA,194.42497809163,166.233356268344,28.1916218232864,16.3694483108939,-129.359338001233,2,1,"mb14",NA,NA,"Xanthostemon","paradoxus","Angiosperm"
"357","Xerophyta viscosa","Med/TempDry","H","E",1.112227,90.519667,-0.677581,86.97372,2.897793,0,0,0.755046,252.03183699996,228.138379586347,23.8934574136134,21.4825367605834,-259.409464394931,1,1,"Contributed","H","Velloziaceae","Xerophyta","viscosa","Angiosperm"
"358","Zea mays","Crop","H","H",1.44916666666667,75.6666666666667,-1.03833333333333,43.2340322213655,3.71184691062624,1,1,NA,160.478108934791,121.428435760658,39.0496731741324,28.753723581909,-277.151235993426,12,1,"mb14",NA,"Poaceae","Zea","mays","Angiosperm"
